lat,long,alt,temp2m,humidity,precip,atm,wind,m.fapar,Campo_Rupestre,Cerrado_lato_sensu,Floresta_de_Terra_Firme,Floresta_Estacional_Semidecidual,Floresta_Ombrofila_Densa,Restinga,Savana_Estepica,Floresta_de_Igapo,Floresta_de_Varzea,Campo_de_Varzea,Campo_de_Altitude,Vegetacao_Sobre_Afloramentos_Rochosos,Savana_Amazonica,Campinarana,Campo_Limpo,Floresta_Estacional_Decidual,Floresta_Estacional_Perenifolia,Floresta_Ombrofila_Mista,Palmeiral,Manguezal
2,24,428.93,24.64,76.47,5.19,35.96,76.03,117.05,1,1,1,1,1,1,0,0,0,0,0,0,0,0,0,0,0,0,0,0
5,25,82.72,27.07,75.17,4.69,36.04,68.58,82.56,0,1,1,0,0,0,1,1,1,0,0,0,0,0,0,0,0,0,0,0
7,24,50.79,26.33,84.15,5.38,36.07,52.19,132.27,0,1,1,1,1,1,1,0,1,1,0,0,0,0,0,0,0,0,0,0
9,26,80.19,25.9,86.2,5.43,36.07,69.58,155.29,0,0,1,0,0,0,0,1,0,0,0,0,0,0,0,0,0,0,0,0
11,16,34.12,25.49,90.98,6.96,36.07,107.63,143.48,0,0,1,1,1,0,0,0,0,0,1,1,0,0,0,0,0,0,0,0
11,44,12.64,26.22,85.55,6.62,36.07,54.93,131.72,1,1,1,1,1,1,0,1,1,0,0,0,1,0,0,0,0,0,0,0
12,21,35.36,26.19,86.96,6.4,36.07,101.43,123.77,1,1,1,1,1,1,1,1,1,1,1,1,1,1,1,1,1,1,1,0
12,51,20.65,26.79,82.24,7.78,36.07,64.96,134.35,1,1,1,1,1,1,1,1,1,0,1,0,1,1,0,0,1,0,0,0
12,52,23.38,26.69,82.61,7.48,36.07,67.96,131.15,0,0,1,0,1,1,1,0,0,0,0,0,0,1,0,0,0,0,0,0
13,49,6.82,26.76,83.09,7.13,36.07,47.98,112.72,1,1,1,1,1,1,1,1,1,1,1,0,1,1,0,1,1,1,0,0
13,52,38.36,26.1,83.77,7.34,36.07,61.89,142.93,0,1,1,1,1,1,1,1,1,0,0,0,0,1,0,0,0,0,0,0
14,35,33.21,26.7,81.93,6.45,36.07,93.96,125.23,0,1,1,0,1,1,0,1,1,0,0,0,0,1,0,0,0,0,1,0
14,45,6.76,26.47,84.33,7.09,36.07,51.93,146.81,0,0,0,0,1,1,0,0,1,0,0,0,0,0,0,0,0,0,0,0
14,49,15.78,26.57,84,7,36.07,41.69,148.37,1,1,1,1,1,1,0,0,1,0,0,0,0,1,0,1,1,1,0,0
14,51,39.63,26.13,84.52,7.04,36.07,54.71,150.22,1,1,1,1,1,1,1,1,1,1,0,0,1,1,1,1,1,1,0,1
14,52,41.84,26.05,83.83,6.8,36.07,56.74,143.96,0,0,1,0,0,0,0,1,0,0,0,0,0,0,0,0,0,0,0,0
15,26,58.29,26.06,86.77,6.44,36.04,101.85,149.08,0,1,1,1,1,0,0,1,1,1,0,0,0,1,0,0,0,0,0,0
15,34,24.34,26.71,82.23,6.59,36.04,85.66,108.28,0,0,1,0,0,0,0,0,1,0,0,0,1,1,0,0,0,0,0,0
15,37,24.89,27.48,77.62,5.66,36.04,78.87,85.55,1,1,1,1,1,1,1,0,0,0,0,0,1,0,0,0,1,1,0,0
15,58,31.48,26.91,81.72,5.46,36.04,63.56,120.3,0,1,1,0,1,0,1,0,0,0,0,0,0,0,0,0,0,0,0,0
16,14,58.15,25.73,89.25,7.76,36.04,97.34,144.62,0,0,1,0,0,0,0,0,0,0,0,0,0,0,0,0,0,0,0,0
16,25,21.8,26.61,84.43,6.49,36.04,103.44,127.62,1,1,1,1,1,1,1,1,1,1,1,1,1,1,1,1,1,1,1,0
16,31,20.08,27,81.5,6.37,36.04,82.35,113.44,0,0,1,0,1,0,0,0,0,0,0,0,0,0,0,0,0,0,0,0
16,33,19.85,27,81.29,6.55,36.04,78.97,121.27,0,0,1,0,0,0,0,0,0,0,0,0,0,0,0,0,0,0,0,0
16,37,91.08,26.81,80.58,5.58,36.04,69.92,142.11,0,0,1,0,0,0,0,0,0,0,0,0,0,0,0,0,0,0,0,0
16,58,27.86,27.04,79.04,5.22,36.04,53,118,1,1,1,1,1,1,1,0,1,0,0,1,0,1,0,0,0,0,0,0
17,17,57.7,25.85,89.17,7.4,36.04,102.35,133.47,1,1,1,1,1,1,1,1,1,1,1,1,1,1,1,1,1,1,1,0
17,26,31.67,26.74,83.8,6.21,36.04,94.2,126.61,1,1,1,1,1,1,1,1,1,1,1,1,1,1,1,1,1,1,1,1
17,30,21.37,26.92,82.45,6.31,36.04,80.85,126.09,0,1,1,0,1,0,0,0,0,0,0,0,0,0,0,0,0,0,0,0
17,31,21.97,26.85,82.82,6.4,36.04,79.76,133.55,1,1,1,0,1,0,0,1,0,1,0,0,1,0,0,0,0,0,0,0
17,42,157.58,26.07,83.11,5.75,36.04,54.38,134.58,0,0,1,0,0,0,0,0,0,0,0,0,0,0,0,0,0,0,0,0
17,62,28.16,27.22,73.31,3.8,36.04,67.24,119.84,1,1,0,0,0,0,1,0,0,0,0,0,0,0,0,0,0,0,0,0
18,36,18.64,26.09,84.23,5.8,36.04,65.92,154.1,0,0,1,0,1,0,0,0,0,0,0,0,0,0,0,0,0,0,0,0
18,55,39.98,26.73,78.37,4.77,36.04,56.62,124.41,1,1,1,1,1,1,1,1,1,1,0,1,1,1,1,1,1,1,0,0
18,60,86.32,26.84,75.25,4.41,36.04,64.04,128.36,1,1,0,0,0,0,1,0,0,0,0,0,0,0,0,0,0,0,0,0
18,63,54.93,27.44,68.59,3.53,36.04,69.28,107.87,1,1,1,1,1,1,1,0,0,1,1,0,1,1,1,1,0,1,0,0
18,65,368.58,26.46,68.67,2.97,36.04,84.83,99.32,1,1,1,1,1,0,1,0,1,0,0,0,0,0,0,0,1,0,0,0
18,66,217.51,26.78,68.42,2.73,36.04,86.61,90.25,0,1,1,1,1,1,1,1,1,0,0,0,0,1,0,0,0,0,0,0
18,69,55.24,26.69,75.34,3.19,36.04,97.67,96.66,1,1,1,1,1,1,1,1,1,1,1,1,1,1,1,1,1,1,1,0
18,70,25.77,26.88,78.13,3.15,36.04,100.98,93.06,1,1,0,0,0,0,1,0,0,0,0,0,0,0,0,0,0,0,0,0
19,35,30.37,25.91,85.69,6.02,35.96,68.43,146.4,1,1,1,1,1,1,1,1,1,0,1,0,1,1,1,1,1,1,0,0
19,54,170.7,26.21,77.42,4.13,35.96,57.35,139.22,1,1,1,1,1,1,1,0,1,0,0,0,0,0,0,1,0,0,0,0
19,63,203.08,27.38,66.42,3.53,35.96,73.32,111.19,1,1,0,0,0,1,1,0,0,0,0,0,0,0,0,0,0,0,0,0
19,64,435.75,26.39,65.57,3.22,35.96,84.06,86.46,1,1,0,0,0,0,1,0,0,0,0,0,0,0,0,1,0,0,0,0
19,65,563.09,26.3,65.82,2.72,35.96,84.87,93.7,1,1,1,1,1,1,1,1,1,0,0,1,0,1,0,1,0,0,0,0
19,66,155.09,26.46,65.85,2.48,35.96,87.84,81.95,1,1,1,1,1,1,1,1,1,1,1,1,1,1,1,1,1,1,1,1
19,68,237.05,26.59,68.23,2.46,35.96,93.45,83.74,0,0,0,0,0,0,1,0,0,0,0,0,0,0,1,1,0,0,0,0
19,69,223.3,26.64,70.56,2.84,35.96,92.5,107.35,0,1,1,1,1,1,1,0,1,0,0,0,0,0,0,1,0,0,0,0
19,70,45.46,27.04,72.67,2.78,35.96,94.73,101.57,1,1,0,0,0,0,1,0,0,0,0,0,0,0,0,0,0,0,0,0
20,51,309.31,26.05,77.84,4.81,35.96,58.99,136.66,1,1,1,1,1,1,1,1,1,1,1,1,1,1,1,1,1,1,1,0
20,54,186.44,26.2,75,3.79,35.96,57.27,148.18,1,1,1,1,1,1,1,0,1,0,1,1,0,1,1,1,1,1,1,0
20,58,100.36,27.02,73.66,4.06,35.96,63.65,134.31,0,0,1,0,1,1,0,1,0,0,0,0,1,0,0,0,0,0,0,0
20,65,396.07,26.59,62.61,2.42,35.96,86.48,91.81,0,0,0,0,0,0,1,0,0,0,0,0,0,0,0,0,0,0,0,0
21,48,108.15,26.91,76.41,5.01,35.93,57.44,131.7,1,1,1,1,1,1,1,1,1,1,0,1,1,1,1,1,1,1,1,0
21,61,99.76,27.31,68.04,3.78,35.93,72.13,114.09,1,1,0,0,0,0,1,0,0,0,0,0,1,0,0,1,0,0,0,0
21,65,379.75,26.66,60.84,2.23,35.93,89.48,83.86,0,1,1,0,0,0,1,0,0,0,0,0,0,0,0,0,0,0,0,0
21,73,67.37,27.39,67.48,2.06,35.93,101.59,62.98,1,0,0,0,0,1,1,0,0,0,0,0,0,0,0,0,0,0,0,0
22,51,182.23,26.86,73.6,4.32,35.93,69.97,121.62,0,0,0,1,1,0,1,0,0,0,0,0,0,0,0,1,0,0,0,0
22,52,198.19,26.76,72.23,4.01,35.93,68.74,116.66,1,1,1,1,1,0,1,0,1,0,0,1,1,0,0,1,0,1,0,0
22,65,406.48,26.29,60.28,2.15,35.93,91.36,79.75,1,0,0,0,0,1,1,0,0,0,0,0,0,0,0,0,0,0,0,0
22,68,223.01,27.34,60.63,2.13,35.93,88.5,79.17,0,0,0,0,0,0,1,0,0,0,0,0,0,0,0,0,0,0,0,0
22,73,74.95,27.15,62.96,1.99,35.93,103.71,52.01,0,0,0,0,1,0,0,0,0,0,0,0,0,0,1,0,0,1,0,0
22,76,44.65,26.56,75.75,3.01,35.93,119.1,86.42,1,1,1,1,1,1,1,1,1,1,0,1,1,1,1,1,1,1,0,0
23,47,195.88,25.98,76.58,4.9,35.86,80.49,139.81,0,1,1,1,1,0,1,0,0,0,1,0,0,0,1,0,0,1,0,0
23,49,164.45,26.83,73.65,4.62,35.86,78.48,125.88,1,1,0,0,0,1,0,0,0,0,0,0,0,0,0,0,0,0,0,0
23,50,166.45,26.69,72.88,4.46,35.86,77.41,123.45,1,1,1,1,0,0,0,1,1,1,0,0,0,1,0,0,0,0,0,0
23,51,232.62,26.74,72.19,4.3,35.86,75.42,111.05,1,1,1,1,1,1,1,1,0,0,1,1,1,1,1,1,0,0,0,0
23,58,248.64,26.41,68.35,3.29,35.86,78.19,125.37,1,1,0,0,0,0,1,0,0,0,1,0,0,0,0,0,0,0,0,0
23,66,390.4,26.2,59.93,2.07,35.86,91.93,65.57,0,1,0,0,0,1,1,0,0,0,0,0,0,0,0,0,0,0,0,0
23,72,143.37,27.43,59.36,2.12,35.86,103.11,55.96,1,1,1,1,1,1,1,0,1,0,0,0,1,1,0,0,0,0,1,0
24,43,213.2,25.48,80.58,5.17,35.86,92.01,144.13,0,1,1,1,1,1,1,1,1,0,0,1,0,1,0,1,1,1,0,0
24,51,272.58,26.53,71.53,4.39,35.86,79.41,96.06,1,1,0,0,0,0,0,0,0,0,1,0,0,0,1,0,0,0,0,0
24,63,398.24,27.59,56.98,2.37,35.86,98.73,89.03,1,0,0,0,0,0,1,0,0,0,0,0,0,0,0,0,0,0,0,0
24,64,382.56,27.05,56.8,2.26,35.86,96.62,81.74,1,0,0,0,0,1,1,0,0,0,0,0,0,0,0,0,0,0,0,0
24,66,519.65,26.1,59.18,2.14,35.86,94.75,73.8,0,1,0,0,1,0,1,0,0,0,0,0,0,0,0,0,0,1,1,0
24,67,390.08,26.41,59.56,2.29,35.86,97.51,84.14,1,1,1,1,1,1,1,1,1,1,1,1,1,1,1,1,1,1,1,0
24,75,421.19,25.03,71.73,2.42,35.86,116.05,81.19,1,1,1,1,1,1,1,1,1,0,1,0,0,1,1,0,0,0,0,0
24,76,88.66,25.84,74.67,3.22,35.86,119.57,96.26,1,1,1,1,1,1,1,1,1,0,1,0,1,1,1,1,0,0,1,1
24,77,19.44,26.47,76.94,3.68,35.86,120.23,97.87,1,1,1,1,1,1,1,1,1,0,0,0,1,1,1,0,0,1,0,0
25,36,215.81,25.24,83.31,5.86,35.78,92.52,154.78,0,1,1,1,1,1,1,0,0,0,0,0,0,1,0,0,0,0,0,0
25,50,261.14,26.19,72.93,4.61,35.78,86.87,106.67,0,1,0,1,1,0,0,0,0,0,0,0,0,0,0,1,0,0,0,0
25,51,227.09,26.44,71.08,4.51,35.78,82.5,103.19,1,1,0,0,0,1,0,0,0,0,0,0,1,0,0,0,0,0,1,0
25,52,205.12,26.51,69.21,4.23,35.78,80.15,94.19,0,1,0,0,0,0,0,0,0,0,0,0,0,0,0,0,0,0,0,0
25,56,211.28,26.73,64.19,3.18,35.78,79.62,90.84,1,1,0,0,0,0,1,0,0,0,0,0,1,0,1,1,0,0,1,0
25,62,188.53,28.1,56.27,2.36,35.78,102.42,92.66,1,1,1,1,1,1,1,1,1,1,1,1,1,1,1,1,1,1,1,0
25,65,459.91,26.31,57.07,2,35.78,101.69,67.92,1,1,0,0,0,0,1,0,0,0,0,0,0,0,0,0,0,0,0,0
25,68,517.87,25.45,61.04,2.5,35.78,109.16,94.66,1,1,1,1,1,1,1,1,1,1,1,1,1,1,1,1,1,1,1,0
25,69,430.5,26.41,59.17,2.49,35.78,109.51,79.11,1,0,0,0,0,1,1,0,0,0,0,0,0,0,0,0,0,0,0,0
25,73,523.72,24.88,64.41,1.91,35.78,110.6,54.94,0,1,1,1,1,1,1,1,1,0,0,0,0,1,0,0,0,0,0,0
25,76,122.98,25.55,74.7,3.37,35.78,118.44,90.52,0,1,1,1,1,1,1,1,1,0,0,0,0,1,0,0,0,0,0,0
25,77,53.15,26.29,76.73,3.95,35.78,119.26,97.78,1,1,1,1,1,1,1,1,1,0,1,0,1,1,1,0,0,0,0,0
26,1,186.41,25.2,85.34,5.7,35.78,23.88,144.52,0,0,1,1,0,0,0,1,0,0,0,1,1,1,1,0,1,0,0,0
26,13,107.47,25.49,87.19,6.1,35.78,52.62,147.11,0,0,1,1,0,0,0,0,0,0,0,0,1,1,0,0,1,0,0,0
26,20,55.02,26.08,85.62,5.69,35.78,71.35,138.31,0,1,0,0,0,0,0,0,0,0,0,0,1,1,0,0,0,0,0,0
26,51,205.29,26.41,70.81,4.62,35.78,84.65,95.38,1,1,1,0,1,0,1,0,0,0,0,0,0,0,0,0,0,0,0,0
26,52,220.07,26.49,68.81,4.38,35.78,82.91,101.37,1,1,1,1,1,1,1,0,0,0,1,0,1,1,0,0,0,0,0,0
26,54,285.58,26.24,66.56,3.65,35.78,81.07,88.32,1,1,1,1,1,1,1,0,0,0,1,1,1,1,1,1,0,0,1,0
26,56,280.5,26.59,63.15,3.25,35.78,82.98,88.92,0,0,1,1,1,0,0,0,0,0,0,0,0,0,0,1,0,0,0,0
26,67,481.07,25.41,59.62,2.03,35.78,110.74,72.35,1,1,0,0,0,1,1,0,0,0,0,0,1,0,0,0,0,0,0,0
26,68,539.23,25.51,59.65,2.12,35.78,113.04,71.13,1,1,0,0,0,1,1,0,0,0,0,0,0,0,0,0,0,0,0,0
26,70,586.08,25.88,58.47,2.05,35.78,114.49,71.96,0,1,0,0,0,0,1,0,0,0,0,0,0,0,0,0,0,0,0,0
26,75,388.19,24.37,72.88,2.59,35.78,114.45,81.14,1,0,0,0,0,1,1,0,0,0,0,0,0,0,0,0,0,0,0,0
26,76,144.11,25.28,75.33,3.53,35.78,117.25,99.08,0,1,1,1,1,1,1,1,1,0,1,0,1,1,0,1,0,1,0,0
26,77,34.79,26.17,76.86,4.16,35.78,117.69,104.56,1,1,1,1,1,1,1,0,1,0,0,0,0,0,0,1,0,0,0,0
27,1,201.26,25.39,82.97,5.43,35.71,23.3,150.4,0,0,0,1,0,0,0,0,0,0,0,0,0,0,0,0,1,0,0,0
27,5,193.55,25,86.18,5.87,35.71,30.85,150.47,0,1,1,1,0,1,1,1,1,0,0,0,1,1,0,0,1,0,0,0
27,6,190.22,25.03,86.59,6.02,35.71,32.95,151.42,0,0,0,0,0,0,0,0,0,0,0,0,0,0,0,0,1,0,0,0
27,48,179.61,26.02,75.5,4.98,35.71,89.34,106.06,0,0,0,1,1,1,1,0,0,0,0,1,0,0,0,1,0,1,0,0
27,50,212,26.08,72.63,4.8,35.71,87.83,91.92,1,1,1,1,1,1,1,1,0,1,1,1,1,1,1,0,0,0,0,0
27,55,308.14,26.37,63.67,3.56,35.71,83.99,89.73,0,0,1,0,1,1,0,1,0,1,0,0,1,1,0,0,1,0,1,0
27,62,238.94,27.74,54.18,1.92,35.71,105.96,80.8,0,1,0,0,1,1,1,0,0,0,0,0,0,0,0,0,0,0,0,0
27,66,458.71,26.53,56.25,1.66,35.71,112.01,67.25,1,1,0,0,0,1,1,0,0,0,0,0,0,0,0,0,0,0,0,0
27,67,394.12,26.66,56.5,1.68,35.71,113.82,64.97,1,1,0,0,0,0,1,0,0,0,0,0,0,0,1,0,0,0,0,0
27,68,389.54,26.65,56.7,1.7,35.71,116.09,63.44,1,1,1,0,1,1,1,0,0,0,0,0,0,0,0,0,0,0,0,0
27,69,583.62,26.32,57.33,1.73,35.71,119.58,67.64,1,1,1,1,1,1,1,1,1,1,1,1,1,1,1,1,1,1,1,0
27,70,469.75,25.96,58.16,1.76,35.71,119.91,59.69,0,0,0,0,0,0,1,0,0,0,0,1,0,0,0,1,0,0,0,0
27,71,488.82,25.37,59.76,1.79,35.71,117.19,65.2,1,0,0,0,0,1,1,0,0,0,0,0,0,0,0,0,0,0,0,0
27,72,580.75,24.55,62.61,1.83,35.71,112.91,62.92,0,1,0,1,0,0,1,0,0,0,0,0,0,0,1,0,0,0,0,0
27,74,565,23.13,72.88,2.55,35.71,111.29,81.32,1,1,1,1,1,1,1,1,1,1,1,1,1,1,1,1,1,1,1,0
27,75,480.12,23.91,74.9,2.95,35.71,114.06,88.15,1,1,1,1,1,1,1,1,1,1,0,1,1,0,1,1,1,1,1,0
27,76,157.72,25.16,76.29,3.71,35.71,115.36,104.8,0,1,1,0,1,0,1,1,1,0,0,1,0,0,0,0,0,0,0,0
27,77,23.8,26.19,77,4.16,35.71,115.13,91.06,1,1,1,1,1,1,1,1,1,1,0,1,1,1,1,1,0,1,0,0
28,12,117.03,25.48,85.21,5.38,35.71,33.76,146.51,0,0,1,0,1,0,0,0,0,0,0,0,0,0,0,0,0,0,0,0
28,19,98.65,25.97,84.7,5.55,35.71,51.16,133.91,1,1,1,1,1,1,0,1,1,0,0,1,0,1,0,0,0,0,0,0
28,47,176.05,26.18,75.2,4.85,35.71,83.8,102.49,1,1,0,0,0,0,0,0,0,0,0,0,0,0,1,0,0,0,0,0
28,51,292.36,26.19,70.4,4.75,35.71,87.56,101.35,0,1,0,0,0,0,0,0,0,0,0,0,0,0,0,0,0,0,0,0
28,58,295.81,26.81,56.87,2.45,35.71,89.77,95.8,1,1,0,0,0,0,1,0,0,0,0,0,0,0,0,0,0,0,0,0
28,64,498.84,26.54,56.2,1.61,35.71,109.63,65.78,1,0,0,0,0,1,1,0,0,0,0,0,0,0,0,0,0,0,0,0
28,67,360.23,26.82,55.66,1.47,35.71,114.1,56.82,1,1,1,0,1,0,1,0,0,0,1,0,0,0,0,0,0,0,0,0
28,68,347.78,26.73,56.39,1.46,35.71,116.54,46.53,1,0,0,0,0,1,1,0,0,0,0,0,0,0,0,0,0,0,0,0
28,69,325.68,26.55,57.25,1.46,35.71,120.29,40.68,1,1,1,1,1,1,1,1,1,1,1,1,1,1,1,1,1,1,1,0
28,70,354,26.03,58.97,1.59,35.71,122.1,53.66,1,1,0,0,0,0,1,0,0,0,0,0,0,0,0,0,0,0,0,0
28,71,464.21,25.41,61.12,1.62,35.71,120.97,62.15,1,1,0,0,0,0,1,0,0,0,0,0,0,0,0,0,0,0,0,0
28,72,625.71,24.58,64.38,1.78,35.71,116.39,69.01,1,1,0,1,0,1,1,0,0,0,0,0,1,0,1,0,0,0,0,0
28,73,735.94,23.63,69.27,2.21,35.71,110.93,63.86,1,0,0,0,0,1,1,0,0,0,0,0,0,0,0,0,0,0,0,0
28,74,638.61,22.85,75.87,3.03,35.71,109.63,80.04,1,1,0,0,1,1,1,0,0,0,0,0,1,0,0,0,0,0,0,0
28,75,256.26,24.11,76.48,3.43,35.71,111.14,107.75,0,1,1,1,1,1,1,1,1,0,0,0,0,1,0,0,0,0,0,0
28,76,50.15,25.46,76.84,3.9,35.71,111.42,111.01,1,1,1,1,1,1,1,0,0,0,0,0,1,0,1,0,0,0,0,0
29,47,194.75,26.68,72.3,4.77,35.64,78.62,105.43,0,0,1,0,1,0,0,1,1,0,0,0,0,0,0,0,0,0,0,0
29,51,204.26,26.18,69.86,4.7,35.64,89.55,97.96,1,1,0,1,0,1,1,0,0,0,1,0,1,1,0,0,0,0,0,0
29,59,484.52,26.28,56.29,2.15,35.64,94.22,100.3,1,1,1,1,1,1,0,0,0,0,0,0,0,0,0,0,1,0,0,0
29,60,490.28,26.22,56.62,1.92,35.64,96.15,87.48,1,1,1,1,1,1,1,1,1,0,0,1,0,1,1,1,0,1,0,0
29,65,401.92,26.59,56.13,1.43,35.64,112.04,56.22,1,1,1,1,1,1,1,1,1,1,1,1,1,1,1,1,1,1,1,0
29,66,376.33,26.66,55.55,1.39,35.64,114.4,57.63,1,1,0,0,0,1,1,0,0,0,1,0,0,0,0,0,0,1,0,0
29,70,340.87,25.89,61.1,1.58,35.64,120.67,61.34,1,1,0,0,1,1,1,0,0,0,0,1,1,0,0,1,0,1,0,0
29,71,360.99,25.68,63.04,1.62,35.64,120.48,64.33,1,1,0,1,1,0,1,0,0,0,0,1,1,0,0,0,0,0,0,0
29,72,332.13,25.13,66.13,1.85,35.64,116.67,62.35,1,1,0,1,1,1,1,0,0,0,1,0,1,1,0,1,0,0,0,0
29,73,439.83,24.32,70.92,2.44,35.64,110.83,82.66,1,1,1,1,1,1,1,0,0,0,0,0,0,0,1,1,0,1,0,0
29,74,306.18,23.68,76.66,3.41,35.64,106.85,106.75,0,0,1,0,1,1,0,1,1,0,0,0,0,0,0,0,0,0,0,0
29,75,85.14,24.96,76.79,3.68,35.64,107.04,110.61,1,1,1,1,1,1,1,1,1,0,1,0,1,1,1,1,1,1,1,0
29,76,27.19,25.95,76.96,3.83,35.64,107.49,112.2,0,1,1,1,1,1,0,0,0,0,0,0,0,0,0,0,0,1,0,0
30,11,164.26,25.18,85.16,5.28,35.64,20.76,143.55,0,1,1,1,1,0,1,1,1,1,0,0,0,1,0,1,1,0,0,0
30,13,158.34,25.34,84.94,5.47,35.64,9.44,149.95,0,0,0,1,0,0,0,0,0,0,0,0,0,0,0,0,1,0,0,0
30,30,247.1,25.33,82.44,5.52,35.64,94.24,152.2,0,1,1,0,1,0,0,0,1,0,0,0,0,0,0,0,0,0,0,0
30,31,226.15,25.21,82.53,5.78,35.64,101.79,155.36,1,1,1,1,1,1,1,1,1,0,0,0,1,1,1,1,1,1,0,1
30,34,273.94,25.26,80.87,6.09,35.64,115.38,134.74,1,1,1,1,1,1,1,1,1,1,1,1,1,1,1,1,0,1,1,0
30,36,265.67,25.15,79.31,5.98,35.64,95.57,145.23,1,1,1,1,1,1,1,1,0,1,1,0,1,1,0,1,1,0,1,0
30,37,282.71,24.86,80.03,5.94,35.64,93.31,131.5,1,1,1,1,1,1,1,1,1,1,1,1,1,1,1,1,1,1,0,0
30,56,425.96,26.39,58.62,2.84,35.64,92.18,75.64,1,0,0,0,0,0,0,1,0,0,0,0,1,1,0,0,0,0,0,0
30,60,467.26,26.53,56.14,1.9,35.64,92.9,84.24,1,1,1,1,1,0,1,0,0,0,1,1,0,1,0,1,0,0,0,0
30,62,401.25,26.92,56.88,1.68,35.64,96.81,58.3,1,1,1,1,1,1,1,1,1,1,1,1,1,1,1,1,1,1,1,0
30,63,400.72,26.58,56.75,1.57,35.64,100.93,60.22,1,1,0,0,1,1,1,0,0,0,1,1,0,0,1,0,0,0,0,0
30,68,427.63,25.65,59.15,1.43,35.64,116.05,53.75,1,1,0,1,1,1,1,0,0,0,1,0,1,1,1,1,0,0,0,0
30,71,173.58,25.72,65.22,1.74,35.64,118.57,68.2,1,1,1,1,1,1,1,1,1,1,1,1,1,1,1,1,1,1,1,0
30,72,134.26,25.65,67.62,2.04,35.64,115.94,76.05,1,1,1,1,1,1,1,0,0,1,1,1,1,0,1,1,1,1,0,0
30,73,237.7,25.27,71.4,2.63,35.64,110.41,80.41,1,1,1,1,1,1,1,1,1,0,0,0,0,1,0,0,0,0,0,0
30,74,150.26,25.02,75.55,3.39,35.64,104.92,99.72,1,1,1,1,1,1,0,1,0,0,0,1,0,0,0,1,1,1,0,0
30,75,45.84,25.82,76.57,3.47,35.64,104.6,99.5,1,1,1,1,1,1,1,1,1,1,1,1,1,1,1,1,1,1,1,1
31,22,164.37,25.65,81.41,5.34,35.53,49.72,131.22,0,0,0,0,1,0,0,1,1,0,0,0,0,0,0,0,0,0,0,0
31,28,237.31,25.05,83.5,5.38,35.53,108.5,148.59,1,1,1,1,1,1,1,1,1,1,1,1,1,1,1,1,1,1,0,0
31,30,241.73,25.31,81.11,5.46,35.53,99.9,151.45,1,1,1,1,1,1,1,1,1,1,1,1,1,1,1,1,1,1,1,1
31,37,282.48,24.99,80.15,5.8,35.53,97.72,130.02,1,1,1,1,1,1,1,1,1,1,1,1,1,1,1,1,1,1,1,0
31,44,281.26,26.13,73.15,4.88,35.53,77.99,122.42,1,1,1,1,1,1,1,1,1,0,1,1,1,1,1,1,1,1,1,0
31,45,193.9,26.87,71.18,4.71,35.53,76.58,127.67,1,1,1,1,1,1,1,1,1,0,0,1,1,1,0,1,1,1,1,1
31,50,304.12,25.68,71.25,4.71,35.53,84.39,91.35,0,1,1,1,1,1,0,1,1,0,0,0,0,0,0,0,0,1,0,0
31,58,393.41,26.58,55.73,2.33,35.53,89.69,94.73,0,1,0,0,0,0,1,0,0,0,0,0,0,0,0,0,0,0,0,0
31,61,407.28,26.98,56.17,1.79,35.53,93.58,70.3,1,1,1,1,1,1,1,1,0,0,1,1,1,1,1,1,0,0,0,0
31,66,616.65,25.11,60.12,1.56,35.53,119.58,75.29,1,1,0,1,1,1,1,0,0,0,1,1,0,0,1,1,0,1,0,0
31,67,458.08,25.43,60.31,1.54,35.53,119.87,69.53,1,0,0,0,0,1,1,0,0,0,0,0,0,0,0,0,0,0,0,0
31,68,500.23,25.3,61.4,1.54,35.53,116.52,73.65,1,1,1,1,1,1,1,0,0,0,0,1,1,0,0,1,1,1,0,0
31,70,339.8,24.94,66.7,1.84,35.53,114.68,78.41,0,0,0,1,1,0,1,0,0,0,0,0,0,0,0,0,1,0,0,0
31,72,198.5,25.54,70.34,2.37,35.53,113.82,92.56,1,1,0,0,1,0,1,0,0,0,0,0,0,0,0,0,0,0,0,0
31,73,72.81,25.77,72.74,2.86,35.53,108.95,99.68,1,1,0,0,0,1,1,0,0,0,0,0,1,1,0,0,0,0,0,0
31,74,45.52,25.95,75.39,3.11,35.53,103.93,98.46,1,1,1,1,1,1,1,1,1,1,0,1,1,1,1,1,1,1,1,0
32,9,218.35,25.14,81.84,4.86,35.53,12.69,149.12,0,1,1,1,1,0,1,1,1,1,0,0,0,0,0,0,1,0,0,0
32,36,307.98,25.04,79.74,5.6,35.53,100.77,120.08,0,1,0,0,0,0,0,0,0,0,0,0,0,0,1,0,0,0,0,0
32,41,341.6,25.47,76.94,5.26,35.53,105.04,127.62,1,1,1,1,1,1,1,1,1,1,1,1,1,1,1,1,1,1,0,0
32,43,218.25,26.71,70.79,4.85,35.53,91.82,101.13,1,1,1,1,1,1,1,1,1,1,1,1,1,1,1,1,1,1,1,0
32,47,182.43,27.07,68.09,4.73,35.53,84.22,93.48,1,1,0,0,1,1,1,0,0,0,0,0,1,0,0,0,0,0,1,0
32,50,267.77,25.83,70.34,4.53,35.53,83.4,90.69,1,1,1,1,1,1,1,1,1,1,1,1,1,1,1,1,1,1,1,0
32,51,315.88,25.72,69.03,4.39,35.53,86.3,104.22,1,1,0,1,1,1,0,0,0,0,0,0,0,0,0,0,0,0,0,1
32,54,655.76,24.5,64.47,3.57,35.53,91.35,57.21,1,1,0,0,0,0,1,0,0,0,0,1,0,0,0,1,0,0,0,0
32,59,506.8,26.38,55.6,2.18,35.53,84.99,91.97,0,1,0,0,1,0,0,0,0,0,0,1,1,0,0,1,0,1,0,0
32,61,408,26.71,55.67,1.82,35.53,92.97,60.23,1,1,0,0,0,1,1,0,0,0,0,0,0,0,0,0,0,0,0,0
32,64,680.38,23.81,60.56,1.65,35.53,106.65,64.11,1,1,1,1,1,1,1,0,1,1,1,1,1,1,1,1,0,0,1,0
32,66,521.05,24.8,62.31,1.67,35.53,117.15,87.62,1,1,1,1,1,1,1,0,1,1,1,1,0,0,1,1,0,1,0,0
32,67,348.94,25.34,62.19,1.64,35.53,118.09,72.11,0,1,0,1,1,1,1,0,0,0,0,1,1,0,1,1,0,1,0,0
32,68,378.29,25.38,63.06,1.64,35.53,115.75,82.44,1,1,1,1,1,0,1,0,0,0,0,0,0,0,0,0,0,0,0,0
32,69,297.59,25.09,65.62,1.74,35.53,112.27,77.16,1,1,0,0,1,1,1,0,0,0,0,1,0,1,1,1,0,0,0,0
32,70,306.08,24.84,69.21,2.12,35.53,112.16,72.64,0,0,0,0,0,1,1,0,0,0,0,1,0,0,0,1,0,0,0,0
32,71,241.81,25.06,71.29,2.37,35.53,112.52,93.38,1,1,1,1,1,1,1,0,1,0,0,1,0,0,1,0,0,0,0,0
32,72,132.52,25.51,73.32,2.76,35.53,110.07,103.94,1,1,1,1,1,1,1,1,1,1,1,1,1,1,1,1,0,0,1,1
32,73,36.75,25.99,75.51,3.13,35.53,105.94,95.42,1,1,1,1,1,1,1,0,0,0,0,0,1,0,1,0,0,1,0,0
33,9,197.18,25.21,80.39,4.82,35.42,11.48,149.74,0,0,0,0,0,0,0,0,0,1,0,0,0,0,0,0,0,0,0,0
33,29,339.79,24.83,81.1,5.17,35.42,95.98,131.47,1,1,1,1,1,1,1,1,1,1,1,1,1,1,1,1,1,1,1,0
33,33,335.01,24.85,80.13,5.41,35.42,87.61,140.51,1,1,1,1,1,1,1,0,1,1,1,1,1,1,1,0,0,1,0,0
33,36,359.51,24.95,79.02,5.39,35.42,97.24,141.46,1,1,1,0,1,1,1,1,1,1,1,0,0,1,1,0,0,0,0,0
33,38,341.8,25.02,78.85,5.36,35.42,98.89,138.21,1,1,0,1,1,0,1,0,0,0,1,0,0,0,1,1,0,0,0,0
33,45,189.28,27.66,66.43,4.66,35.42,84.64,79.35,1,1,1,1,1,1,1,1,1,1,1,1,1,1,1,1,0,1,1,0
33,51,376.61,25.74,68.45,4.25,35.42,86.02,96.35,0,1,1,1,0,0,1,0,1,0,0,0,0,0,0,0,0,0,0,0
33,53,518.97,24.75,66.41,4,35.42,88.58,60.6,1,1,1,1,1,1,1,1,0,0,1,1,1,1,1,0,0,0,0,0
33,56,531.46,25.19,59.82,2.76,35.42,93.62,86.79,1,1,1,1,1,1,1,1,0,0,1,1,1,1,1,1,0,1,0,0
33,60,410.73,26.92,54.05,2,35.42,84.06,74.48,1,1,1,1,1,1,1,1,1,0,1,1,1,1,1,1,0,1,1,0
33,61,732.74,26.05,55.18,1.88,35.42,92.41,75.85,0,1,0,1,0,0,1,0,0,0,0,1,0,0,0,1,0,0,0,0
33,63,752.27,24.45,58.03,1.71,35.42,105,44.68,1,0,0,0,0,1,1,0,0,0,0,0,0,0,0,0,0,0,0,0
33,65,692.16,23.62,64.29,1.8,35.42,110.23,83.59,1,1,1,1,1,1,1,0,1,1,1,1,1,1,1,1,0,1,0,0
33,66,435.33,24.57,64.07,1.77,35.42,114.76,92.47,0,1,0,0,1,0,0,0,0,0,0,0,0,0,0,0,0,0,0,0
33,68,348.36,25.42,64.71,1.77,35.42,114.98,75.97,0,1,0,1,1,0,1,0,0,0,0,1,0,0,0,1,0,0,0,0
33,69,218.08,25.14,67.65,1.95,35.42,111.4,69.65,1,1,1,0,1,0,1,0,0,0,1,0,0,0,1,0,0,0,0,0
33,70,197.28,24.83,71.74,2.51,35.42,110.86,84.24,1,1,0,1,0,1,1,0,0,0,1,1,1,0,0,1,0,0,0,0
33,71,155.59,25.14,74.35,3.03,35.42,109.86,109.3,0,0,1,0,1,1,1,1,0,0,0,1,1,0,0,1,0,0,0,0
33,72,45.46,25.7,76.17,3.35,35.42,106.5,95.9,1,1,1,1,1,1,1,0,0,1,1,1,1,1,1,0,0,0,1,0
34,24,225.3,25.48,79.01,5,35.42,67.42,127.59,0,1,0,0,0,0,0,0,0,0,0,0,0,1,0,0,0,0,0,0
34,32,291.88,24.9,80.4,5.18,35.42,89.29,144.33,1,1,1,1,1,1,1,1,1,1,1,1,1,1,0,1,1,0,0,0
34,35,377.04,25.02,77.48,5.15,35.42,88.25,112.43,1,1,1,1,1,1,1,1,1,1,0,1,1,1,0,1,1,1,0,0
34,37,355.93,25.05,77.77,5.15,35.42,94.63,142.16,1,1,1,1,1,1,1,1,1,1,1,1,1,1,1,1,1,1,1,1
34,44,248.27,27.18,66.65,4.56,35.42,89.09,93.11,1,1,1,1,1,1,1,1,1,0,1,1,1,1,1,1,1,0,0,0
34,45,199.27,27.57,65.48,4.49,35.42,87.88,71.02,1,1,1,1,1,1,1,1,1,1,1,1,1,1,1,1,1,1,1,1
34,47,204.72,26.95,67.15,4.4,35.42,86.03,92.25,0,1,0,1,0,0,1,0,0,0,0,0,0,0,0,0,0,0,0,0
34,48,295.73,26.55,68.1,4.31,35.42,84.89,94.81,0,1,0,1,0,0,0,0,0,0,0,0,0,0,0,0,0,0,0,0
34,51,337.94,25.93,67.24,4.05,35.42,88.23,92.72,1,1,1,1,1,1,1,0,1,1,1,1,1,1,1,1,1,1,1,0
34,52,401.58,25.52,66.79,4.07,35.42,86.33,86.44,1,1,1,1,1,1,1,1,0,1,1,1,1,1,1,1,1,1,1,0
34,53,665.08,24.81,66.66,4.1,35.42,85.78,86.43,1,1,1,1,1,0,1,0,0,1,1,1,1,1,1,0,0,0,1,0
34,57,454.52,25.69,58.06,2.56,35.42,95.21,95.72,1,1,1,1,1,1,1,1,1,1,1,1,1,1,1,1,1,1,1,0
34,61,737.57,25.3,55.17,1.93,35.42,93.1,84.19,1,1,1,1,1,0,1,0,0,0,0,1,0,0,0,0,1,0,0,0
34,64,872.57,22.68,64.49,1.88,35.42,107.76,85.39,1,1,1,1,1,1,1,1,1,1,1,1,1,1,1,1,1,1,1,0
34,65,650.47,23.38,66.07,1.93,35.42,108.97,103.01,1,1,0,0,0,0,1,0,0,0,0,0,0,0,0,0,0,0,0,0
34,66,446.03,24.44,65.51,1.87,35.42,112.61,97.76,0,1,0,0,1,1,1,0,0,0,0,0,0,0,0,0,0,0,0,0
34,68,311.7,25.23,67.06,1.99,35.42,115.19,80.42,1,1,0,0,0,0,1,0,0,0,0,0,0,0,0,0,0,0,0,0
34,69,258.76,24.77,70.9,2.38,35.42,112.35,87.17,0,1,0,1,0,0,1,0,0,0,0,0,0,0,1,0,0,0,0,0
34,70,200.94,24.64,74.71,3.09,35.42,110.42,104.54,1,1,1,1,1,1,1,0,0,0,1,0,0,0,1,0,0,0,0,0
34,71,78.59,25.22,76.98,3.75,35.42,106.19,116.45,1,1,1,1,1,1,1,1,1,1,1,0,1,1,1,1,1,0,0,0
35,48,309.65,26.47,67.68,4.13,35.32,81.93,87.53,1,1,0,1,0,1,0,0,0,0,0,0,1,1,1,0,0,0,0,0
35,49,272.9,26.28,67.8,4.1,35.32,84.1,88.71,1,1,0,0,0,0,1,0,0,0,0,0,0,0,1,0,0,0,0,0
35,52,408.84,25.85,65.3,3.91,35.32,88.35,87.75,0,1,1,1,1,1,1,0,1,0,0,1,0,0,0,1,0,0,0,0
35,54,562.9,23.67,66.67,4.05,35.32,89.15,67.42,1,1,0,1,0,0,1,0,0,0,0,1,0,0,0,0,0,0,0,0
35,57,625.95,24.95,58.8,2.7,35.32,97.92,93.67,1,1,1,1,1,1,1,0,0,1,1,1,1,1,1,1,0,1,1,0
35,60,472.18,26.62,53.35,2.06,35.32,94.26,80.2,1,1,0,0,0,0,1,0,0,0,0,0,0,0,0,1,0,0,0,0
35,61,568.62,25.19,55.48,1.98,35.32,92.29,71.75,1,1,0,1,0,0,1,0,0,0,0,1,0,0,0,1,0,0,0,0
35,63,808.94,22.33,64.76,2.03,35.32,98.86,78.38,1,1,0,1,0,1,1,0,0,0,0,1,0,0,0,1,0,1,0,0
35,64,693.94,22.87,66.22,2.1,35.32,105.71,104.99,1,1,1,1,1,1,1,0,0,0,0,0,1,1,0,0,0,0,0,0
35,66,317.82,24.61,66.23,1.97,35.32,105.58,98.67,1,1,1,1,1,1,0,0,0,0,1,1,0,0,0,0,0,1,0,0
35,67,270.96,25.06,67.16,2.02,35.32,111.4,75.63,1,1,0,0,0,0,1,0,0,0,0,0,0,0,0,0,0,0,0,0
35,68,216.53,25.01,69.84,2.31,35.32,115.78,92.23,1,1,1,1,1,1,1,0,1,1,1,1,1,1,1,1,1,1,1,0
35,69,206.16,24.73,73.92,3.02,35.32,115.08,107.19,1,1,1,1,1,1,1,1,1,1,1,1,1,1,1,1,0,1,1,0
35,70,88.72,24.82,76.57,3.66,35.32,108.72,118.38,1,1,1,1,1,1,1,1,1,0,0,0,0,1,0,0,1,0,0,0
36,25,284.77,24.51,80.71,5.05,35.32,56.04,137.52,0,0,1,0,0,0,0,0,0,0,0,0,0,0,0,0,0,0,0,0
36,33,375.13,24.95,77.5,5.01,35.32,87.38,129.53,1,1,1,1,1,1,1,1,1,1,1,1,1,1,1,1,1,1,1,0
36,36,422.6,24.91,75.92,4.81,35.32,88.13,126.59,1,1,1,1,1,1,1,1,1,0,0,1,1,1,0,1,1,1,0,0
36,42,352.32,25.88,69.81,4.53,35.32,84.69,112.34,1,1,1,1,1,1,0,0,0,0,0,1,1,1,0,1,0,0,0,0
36,43,369.52,26.37,67.18,4.43,35.32,81.49,109.65,1,1,0,0,0,0,1,0,0,1,0,0,1,1,1,0,0,0,1,0
36,47,274.14,26.58,66.95,4.09,35.32,78.98,92.17,1,1,1,1,1,1,1,1,0,0,1,1,1,1,1,0,0,0,0,0
36,51,315.5,26.1,63.71,3.8,35.32,92.2,89.89,1,1,0,0,1,1,0,0,0,0,0,0,1,1,0,0,0,0,1,0
36,53,552.92,24.93,64.44,3.79,35.32,91.11,97.85,1,1,1,1,1,1,1,0,0,1,0,1,1,0,1,1,1,1,0,0
36,54,481,23.67,65.5,3.85,35.32,91.37,70.88,0,1,0,1,1,1,1,0,0,1,0,0,1,0,1,1,0,0,0,0
36,58,600.7,24.78,58.5,2.58,35.32,100.03,94.36,1,1,1,1,1,1,1,0,0,0,0,0,1,1,0,1,0,1,0,0
36,60,442.53,26.47,53.87,2.1,35.32,96.15,81.28,1,0,0,0,0,1,1,0,0,0,0,0,0,0,1,0,0,0,0,0
36,61,602.95,25.36,55.39,2.04,35.32,92.73,74.08,1,1,0,1,1,1,1,0,0,0,0,1,0,0,1,1,0,0,1,0
36,63,1033.55,21.64,65.97,2.13,35.32,90.41,80.37,1,1,1,1,1,1,1,1,1,1,1,1,1,1,1,1,1,1,1,0
36,64,482.29,22.72,67.58,2.2,35.32,93.62,96.37,1,1,1,1,1,1,1,1,1,1,1,1,1,1,1,1,1,1,1,0
36,66,271.62,24.11,68.06,2.15,35.32,101.3,85.19,1,1,1,1,1,1,1,1,1,1,1,1,1,1,1,1,0,1,0,0
36,67,277.44,24.21,70.76,2.33,35.32,107.73,85.57,1,1,1,1,1,1,1,1,1,1,1,1,1,1,1,1,1,1,1,1
36,68,213.59,24.58,73.4,2.71,35.32,114.29,104.42,1,1,1,1,1,1,1,1,1,0,1,1,1,1,1,1,0,1,0,0
36,69,52.6,25.01,76.59,3.72,35.32,112.9,120.69,1,1,1,1,1,1,1,1,1,1,1,1,1,1,1,1,1,1,0,0
36,70,28.03,25.45,77.28,3.87,35.32,103.54,101.35,1,1,1,1,1,1,1,1,1,1,1,1,1,1,0,1,0,0,1,0
37,33,369.43,24.71,77.22,5.12,35.17,84.55,132.17,1,1,1,1,1,1,1,1,1,1,0,0,1,1,1,1,1,1,1,0
37,35,396.64,24.59,76.38,4.95,35.17,84.99,97.75,1,1,1,1,1,1,1,1,0,0,0,0,1,1,1,0,1,1,0,0
37,40,395.3,25.48,71.61,4.66,35.17,87.38,117.55,1,1,1,1,1,1,1,1,1,1,1,1,1,1,1,1,1,1,1,0
37,48,371.65,26.27,65.82,4.11,35.17,77.11,89.11,1,1,1,1,1,0,0,0,0,0,0,0,0,0,0,1,1,0,0,0
37,50,454.71,25.76,63.04,3.99,35.17,85.78,96.83,0,1,0,1,0,0,0,0,0,0,0,0,0,0,1,0,0,0,0,0
37,53,525.51,24.79,62.97,3.58,35.17,93.63,94.86,1,1,1,1,1,1,1,1,1,1,1,1,1,1,1,1,1,1,1,1
37,54,656.15,23.56,64.32,3.55,35.17,91.18,68.05,1,1,1,1,1,1,1,1,1,1,0,1,1,1,1,1,0,1,1,0
37,57,548.37,24.53,59.07,2.7,35.17,98.7,79.55,1,1,1,1,1,1,1,0,0,1,1,1,1,0,1,0,1,1,0,0
37,58,523.68,25.06,58.21,2.51,35.17,99.15,91.01,0,1,0,0,0,0,0,0,0,0,0,0,0,0,0,0,0,0,0,0
37,60,456.91,26.19,54.45,2.13,35.17,97.85,84.36,1,1,0,0,1,1,1,0,0,0,0,1,0,0,1,1,0,0,0,0
37,61,647.45,25.06,56.13,2.08,35.17,96.88,79.84,1,1,1,1,1,1,1,0,1,1,0,1,1,0,1,1,0,1,0,0
37,62,672.95,23.37,59.73,2.07,35.17,91.91,72.66,1,1,0,1,1,1,1,0,0,1,1,1,0,0,1,1,0,0,0,0
37,63,885.75,21.98,64.29,2.05,35.17,86.7,71.84,1,1,1,1,1,1,1,1,1,1,1,1,1,1,1,1,1,1,1,1
37,64,705.13,22.13,68.24,2.02,35.17,85,84.53,1,1,1,1,1,1,1,1,1,1,1,1,1,1,1,1,1,1,1,0
37,66,753.3,22.99,71.24,2.43,35.17,99.67,84.98,1,1,1,1,1,1,1,0,1,0,0,0,0,0,0,1,1,0,0,0
37,67,509.74,23.07,75.26,2.76,35.17,105.1,110.75,0,0,0,0,0,0,1,0,0,0,0,0,0,0,0,0,0,0,0,0
37,68,120.99,24.21,76.65,3.1,35.17,108,129.19,1,1,1,1,1,1,0,1,1,1,1,1,1,1,1,0,1,1,1,0
38,27,570.52,23.98,78.5,4.92,35.17,43.91,124.31,1,1,1,1,1,1,1,1,1,1,1,1,1,1,1,1,1,1,1,1
38,31,565.76,23.69,77.62,5.08,35.17,54.35,83.99,1,1,0,0,1,1,0,0,0,0,1,0,1,0,0,0,0,0,1,0
38,42,430.42,26.29,65.79,4.44,35.17,78.16,83.95,1,1,0,1,1,1,1,0,1,1,1,1,1,0,1,1,0,0,1,0
38,49,481.86,25.6,63.34,4.19,35.17,82.59,99.55,1,1,1,1,1,1,1,1,0,0,1,0,1,0,1,1,1,1,0,0
38,50,482.52,25.42,62.24,4.02,35.17,87.1,93.39,1,1,1,1,1,1,0,1,0,1,1,0,1,1,1,1,0,1,0,0
38,52,871.44,24.14,63.62,3.66,35.17,97.37,78.21,1,1,1,1,1,1,1,1,1,1,1,1,1,1,1,1,0,1,1,0
38,53,628.34,24.75,62.29,3.43,35.17,95.08,97.8,1,1,1,1,1,1,1,1,1,1,1,1,1,1,1,1,1,1,1,0
38,54,660.36,23.54,63.4,3.34,35.17,89.92,74.08,1,1,0,0,0,0,1,0,0,0,0,0,0,0,0,0,0,0,0,0
38,58,576.52,25.22,57.7,2.43,35.17,97.73,92.57,0,1,1,1,1,1,1,1,1,0,0,0,0,1,0,0,0,0,1,0
38,59,478.76,26.12,55.66,2.2,35.17,98.64,81.73,0,1,1,0,0,0,1,0,0,0,0,0,0,0,0,0,0,0,0,0
38,61,703.52,24.66,57.48,2.06,35.17,96.45,78.08,1,1,0,1,0,1,1,0,0,0,0,1,0,1,0,0,0,0,0,0
38,62,703.73,23.76,59.8,1.98,35.17,93.17,74.96,1,1,0,0,0,0,1,0,0,0,0,0,0,0,0,0,0,0,0,0
38,63,566.19,23.49,61.66,1.88,35.17,87.79,65.25,1,1,1,1,1,1,1,1,1,1,1,1,1,1,1,1,1,1,1,1
38,64,569.07,22.99,65.81,1.82,35.17,81.75,82.68,1,1,1,1,1,1,1,1,1,1,1,1,1,1,1,1,0,1,0,0
38,66,519.58,22.97,72.37,2.67,35.17,96.28,99.52,0,1,0,1,1,1,1,0,0,0,0,0,0,0,0,1,0,1,0,0
38,67,297.94,23.04,76.64,3.1,35.17,100.22,134.82,0,0,0,0,1,1,0,0,0,0,0,0,0,0,0,0,0,0,0,0
38,68,84.82,24.22,77.61,3.28,35.17,101.57,141.22,1,1,1,1,1,1,1,1,1,1,1,1,1,1,0,1,1,1,0,1
39,27,249.89,24.51,75.42,4.43,35.03,34.94,138.33,1,1,0,0,0,0,0,0,0,0,0,0,0,0,0,0,0,0,0,0
39,33,312.3,24.96,73.31,4.95,35.03,41.27,102.91,1,1,1,1,1,1,1,0,1,1,1,1,1,1,1,1,0,1,0,0
39,34,293.43,24.88,73.32,4.89,35.03,54.42,103.11,1,1,1,1,1,1,1,0,1,1,1,1,1,1,1,1,0,0,1,0
39,38,471.54,24.34,72.86,4.71,35.03,81.54,73.37,1,1,0,0,0,0,0,0,0,0,1,0,0,0,0,0,0,0,0,0
39,42,298.27,26.35,65.29,4.28,35.03,84.32,91.86,1,1,0,0,0,0,0,0,0,1,1,0,0,0,1,0,0,0,1,0
39,45,384.1,26.75,65.24,4.06,35.03,76.92,92.56,1,1,1,1,1,1,1,1,1,1,1,1,1,1,1,1,1,1,1,0
39,48,452.48,25.5,65.72,4.25,35.03,84.84,88.64,1,1,1,1,0,0,0,0,1,0,0,0,0,0,1,0,0,1,0,0
39,50,609.7,24.75,62.99,3.95,35.03,89.66,82.68,1,1,1,1,1,1,1,1,1,1,1,1,1,1,1,1,1,1,1,0
39,51,911.65,23.53,65.01,3.83,35.03,92.76,80.06,1,1,1,1,1,1,1,1,1,1,1,1,1,1,1,1,1,1,1,0
39,52,655.77,23.65,64.86,3.65,35.03,95,78.68,0,1,0,0,0,0,1,0,0,0,0,0,0,0,0,0,0,0,0,0
39,53,561.91,24.65,62.71,3.43,35.03,94.4,89.8,1,1,1,1,1,1,1,0,0,0,1,1,1,1,1,1,1,1,1,0
39,54,714.88,23.49,63.53,3.35,35.03,89.54,79.1,1,1,0,1,1,1,1,1,1,1,1,1,1,1,1,1,0,0,1,0
39,57,556.61,24.47,59.15,2.65,35.03,94.78,72.33,1,1,1,1,1,1,1,1,1,1,1,1,1,1,1,1,1,1,1,0
39,59,457.98,26.08,55.68,2.2,35.03,93.06,77.29,0,1,0,0,0,1,1,0,0,0,1,0,0,0,1,0,0,0,0,0
39,61,656.81,24.54,57.91,2.02,35.03,90.34,71.02,1,1,1,1,1,1,1,0,1,0,1,1,1,1,1,1,0,1,1,1
39,62,645.28,24.01,59.93,1.92,35.03,89.66,76.12,1,1,1,1,1,1,1,0,0,1,1,1,1,1,1,1,1,1,1,1
39,64,425.61,24.01,63.38,1.78,35.03,83.53,59.93,1,0,0,0,0,0,1,0,0,0,0,0,0,0,0,0,0,0,0,0
39,66,439.36,22.93,73.29,2.82,35.03,96,97.91,1,1,1,1,1,1,0,1,1,0,0,1,0,0,0,0,0,0,0,0
39,68,77.91,24.35,77.09,3.24,35.03,96.46,149.41,1,1,1,1,1,1,0,0,0,0,1,0,1,0,0,0,0,0,0,0
39,69,8.12,25.53,78.97,3.86,35.03,95.65,102.32,1,1,1,1,1,1,1,1,1,1,1,0,0,0,1,1,0,1,0,0
40,32,339.65,25.62,71.16,4.46,35.03,20.63,104.93,1,1,1,1,1,1,1,1,1,0,1,0,1,0,0,1,0,0,0,0
40,34,218.71,25.48,70.65,4.47,35.03,49.91,91.71,1,1,1,1,1,1,1,1,1,1,1,1,1,1,1,1,1,1,1,0
40,37,464.56,23.95,73.1,4.66,35.03,73.43,92.1,1,1,1,1,1,1,1,1,1,1,1,0,1,1,1,1,1,0,1,0
40,40,483.12,24.84,70.12,4.47,35.03,90.45,94.13,1,1,0,0,0,0,0,0,0,0,1,0,1,0,1,0,0,0,0,0
40,41,530.97,25.4,68.1,4.3,35.03,96.01,95,1,1,1,1,1,1,1,1,0,0,1,1,1,1,1,0,0,0,0,0
40,42,281.08,26.09,65.93,4.15,35.03,96.97,96.93,1,1,1,1,1,1,1,1,1,1,1,1,1,1,1,1,1,1,1,0
40,44,255.04,26.87,64.1,4.06,35.03,81.13,81.7,0,1,0,0,1,1,0,0,0,0,0,0,1,1,0,0,0,0,0,0
40,47,484.3,25.08,67.19,4.25,35.03,84.25,99.72,1,1,0,1,0,0,0,0,0,0,0,0,0,0,0,0,0,0,0,0
40,48,572.63,24.79,66.47,4.28,35.03,85.77,86.87,1,1,1,1,1,1,1,1,0,0,1,0,0,0,1,1,0,1,0,0
40,49,549.85,25.04,63.45,4.15,35.03,85.78,83.78,0,1,0,0,0,0,0,0,0,0,0,1,0,1,0,0,0,0,0,0
40,51,939.75,23.08,66.69,3.79,35.03,90.85,71.82,1,1,0,0,0,0,0,0,0,0,1,0,0,0,1,0,0,0,0,0
40,59,476.22,25.98,55.62,2.23,35.03,90.19,81.19,0,1,1,0,1,0,1,0,1,0,0,0,0,0,0,1,0,0,0,0
40,61,605.37,24.14,58.27,2.04,35.03,85.44,77.6,1,1,1,1,1,1,1,0,0,0,1,1,1,1,1,1,0,1,0,0
40,64,545.81,23.58,63.88,1.89,35.03,87.43,73.02,1,1,0,1,0,0,1,0,0,0,0,1,0,0,0,0,0,0,0,0
40,65,895.73,22.46,69.54,2.1,35.03,93.23,84.52,1,1,1,1,1,1,0,0,0,0,0,0,1,0,0,0,0,0,0,0
40,66,631.83,22.39,75.08,2.92,35.03,94.41,114.64,0,0,0,1,1,1,0,0,0,0,0,0,0,0,0,0,0,0,0,0
40,67,244.05,23.08,77.46,3.29,35.03,93.12,130.4,0,0,1,0,1,0,0,0,0,0,0,0,0,0,0,1,0,0,0,0
40,68,69.04,24.21,77.32,3.18,35.03,91.86,152.77,1,1,1,1,1,1,1,1,1,1,1,1,1,1,1,1,1,1,1,0
41,27,202.03,25.98,67.91,3.64,34.88,19.97,100.12,1,1,1,1,1,1,1,1,1,1,0,1,1,1,1,1,0,0,0,0
41,28,330.7,25.43,68.66,3.73,34.88,25.09,121.72,1,1,1,1,1,1,1,1,1,1,1,1,1,1,1,1,1,1,1,0
41,29,403.83,25.02,70.02,3.87,34.88,17.73,120.56,1,1,1,1,1,0,1,0,0,0,0,0,1,0,0,1,1,1,0,0
41,30,270.3,25.41,69.64,3.86,34.88,16.49,119.1,1,1,1,1,1,1,1,1,1,1,1,0,1,1,1,1,1,1,0,0
41,32,166.07,26.06,68.36,3.9,34.88,29.9,114,1,1,1,1,1,1,1,1,1,1,1,1,1,1,1,1,1,1,1,1
41,34,190.1,25.98,68.53,4.07,34.88,42.35,91.3,0,1,0,0,0,0,0,0,0,0,0,0,1,0,0,1,0,0,0,0
41,35,413.28,25.26,69.94,4.33,34.88,51.97,94.78,1,1,1,1,1,1,1,1,1,1,1,1,1,1,1,1,1,1,1,0
41,50,656.91,22.98,66.92,3.92,34.88,83.41,81.69,0,1,0,0,0,0,0,0,0,0,0,0,0,0,0,0,0,0,0,0
41,51,1019.97,22.36,68.91,3.79,34.88,86.77,83.77,1,1,0,0,0,0,0,0,0,0,0,0,0,0,1,0,0,0,0,0
41,55,873.91,23.07,64.9,3.51,34.88,82.82,71.23,1,1,1,1,1,1,1,0,0,1,1,0,1,1,1,1,0,0,0,0
41,58,520.82,24.81,58.5,2.46,34.88,90.82,92.99,1,1,1,1,1,1,1,1,1,1,1,1,1,1,1,1,1,1,0,0
41,59,474.76,25.75,56.01,2.3,34.88,93.49,85.13,1,1,1,1,1,1,1,1,1,1,1,1,1,1,1,1,1,1,1,1
41,61,668.22,23.75,59.04,2.11,34.88,85.94,77.03,1,1,1,1,1,1,1,1,1,1,1,1,1,1,1,1,1,1,0,1
41,62,810.7,22.8,62.02,2.04,34.88,84.46,84.15,1,1,1,1,1,1,1,0,0,1,0,1,0,1,1,1,1,1,0,0
41,67,216,23.41,76.21,3.06,34.88,88.84,121.39,1,1,0,1,1,1,1,0,0,1,1,0,0,0,1,0,0,0,0,0
41,68,109.68,24.09,77.63,3.16,34.88,88.35,149.47,1,1,1,1,1,1,1,1,1,1,0,1,0,1,0,1,1,0,0,0
42,30,213.58,26.5,66.06,3.65,34.88,16.82,108.49,1,1,1,1,1,0,1,1,1,0,0,1,0,0,0,1,1,0,1,0
42,34,186.32,26.56,66.38,3.89,34.88,31.37,86.89,1,1,1,1,1,1,1,0,0,1,0,0,1,1,1,1,0,0,0,0
42,36,667.54,24.6,70.53,4.42,34.88,44.51,90.34,1,1,1,1,1,0,0,0,1,1,1,1,1,1,1,1,1,1,0,0
42,37,322.69,23.98,72.12,4.57,34.88,45.83,98.61,1,1,1,1,1,1,1,1,1,0,0,0,1,1,0,0,1,1,0,0
42,38,468.31,24.02,72.42,4.62,34.88,53.23,94.46,0,1,1,1,1,0,0,0,0,0,0,0,1,1,0,0,0,0,0,0
42,41,355.38,24.59,70.27,4.29,34.88,91.67,93.31,0,1,0,0,0,0,0,0,0,0,0,0,0,0,0,0,0,0,0,0
42,42,305.87,25.03,69.1,4.17,34.88,98.66,90.27,1,1,1,1,1,1,1,1,1,1,1,1,1,1,1,1,1,1,1,0
42,46,534.67,24.51,68.2,4.33,34.88,77.35,102.96,1,1,1,1,1,1,1,1,1,1,1,1,1,1,1,1,1,1,1,0
42,48,709.79,23.37,67.88,4.27,34.88,74.88,94.83,1,1,0,0,0,0,0,0,0,0,0,0,0,0,1,0,0,0,0,0
42,49,948.5,22.62,67.71,4.27,34.88,76.87,84.51,1,1,1,1,1,1,1,1,1,1,1,1,1,1,1,1,1,1,1,0
42,50,1016.18,22.24,68.31,3.96,34.88,76.55,68.2,1,1,0,0,0,0,0,0,1,1,0,1,1,0,1,0,0,0,1,0
42,51,1031.01,21.74,70.06,3.8,34.88,78.65,66.45,1,1,1,1,1,1,1,1,1,1,1,1,1,1,1,1,1,1,1,0
42,52,962.79,21.84,70.43,3.66,34.88,81.47,65.24,1,1,0,1,1,1,1,0,0,1,0,1,0,1,1,1,0,1,0,0
42,54,531.61,23.16,66.76,3.41,34.88,81.63,76.18,1,1,1,1,1,1,1,0,0,0,1,1,1,1,1,1,1,0,1,0
42,58,740.52,24.27,60.16,2.53,34.88,89.78,87.5,1,1,0,0,1,0,0,0,0,0,0,0,0,0,0,0,0,0,0,0
42,59,614.7,25.07,57.79,2.4,34.88,95.84,88.74,0,0,0,0,0,0,1,0,0,0,0,0,0,0,0,0,0,0,0,0
42,60,587.03,24.42,58.51,2.29,34.88,95.33,81.07,1,1,0,1,1,0,0,0,0,0,0,0,0,0,0,1,0,0,0,0
42,61,714.9,23.47,60.58,2.22,34.88,91.6,81.58,1,1,1,0,1,0,1,0,0,0,0,1,0,0,1,0,0,0,0,0
42,64,729.12,22.28,67.56,2.12,34.88,88.66,110.81,1,0,0,1,1,0,0,0,0,0,1,0,0,0,0,0,0,1,0,0
42,65,653.66,22.62,70.68,2.33,34.88,88.62,124.76,0,1,0,1,1,1,0,0,0,0,0,0,1,1,0,1,0,0,0,0
42,66,261.01,23.32,72.69,2.63,34.88,88.91,109.59,0,0,0,1,1,0,0,0,0,0,0,0,0,0,0,0,0,0,0,0
42,67,184.6,23.81,74.8,2.86,34.88,88.55,114.52,1,0,0,1,1,1,1,0,0,0,0,1,1,0,0,1,0,0,0,0
42,68,81.37,24.21,77.22,3.13,34.88,86.47,133.09,0,0,1,1,1,1,0,1,1,1,0,0,0,0,0,0,0,0,0,0
42,69,6.29,25.28,78.83,3.73,34.88,83.69,112.73,1,1,1,1,1,1,1,1,1,1,1,0,1,1,1,1,0,1,0,0
43,31,120.54,26.96,63.42,3.6,34.74,21.02,103.53,1,1,1,1,1,1,1,0,1,1,1,1,1,1,1,1,0,1,0,0
43,33,168.12,27.14,63.4,3.81,34.74,23.16,100.32,1,1,1,1,1,1,1,1,1,1,1,1,1,1,1,1,1,1,1,1
43,35,172.69,26.78,64.87,4.09,34.74,36.98,102.18,1,1,1,1,1,1,1,1,1,1,1,1,1,1,1,1,1,1,1,1
43,37,273.11,25.07,69.56,4.4,34.74,45.68,101.29,1,1,0,0,1,1,1,0,0,0,0,1,0,0,0,1,0,0,0,1
43,43,365.35,24.76,68.65,4.07,34.74,102.6,89.35,1,1,1,1,1,1,1,0,0,0,0,0,0,0,0,0,0,0,0,0
43,44,463.46,24.73,68.46,4.09,34.74,102.17,92.32,0,1,0,1,1,0,1,0,0,0,0,0,0,0,0,0,0,0,0,0
43,46,588.4,24.02,68.64,4.15,34.74,75.46,98.24,1,1,1,1,1,1,1,1,1,0,1,1,1,1,1,1,0,0,1,0
43,47,782.04,23.32,69.01,4.15,34.74,68.85,97.47,0,1,1,1,1,1,1,1,0,0,0,0,0,0,0,0,0,1,0,0
43,48,826.08,22.71,69.27,4.16,34.74,68.28,99.89,1,1,1,1,1,1,1,0,1,0,1,0,1,1,1,1,1,0,0,0
43,49,1019.13,21.77,69.98,4.18,34.74,68.42,81.25,1,1,1,1,1,1,0,1,0,0,1,0,0,0,1,0,0,1,0,0
43,50,1013.19,21.94,68.99,3.98,34.74,68.76,75.53,1,1,1,1,1,1,1,1,0,0,1,1,1,1,1,0,1,1,0,0
43,51,1000.25,21.83,69.3,3.83,34.74,71.5,70.85,1,1,1,1,0,1,1,1,0,1,1,0,1,1,1,1,0,0,1,0
43,52,920.21,22.13,69.2,3.67,34.74,74.15,71.2,1,1,0,1,1,0,1,0,0,0,0,0,0,0,1,0,0,0,0,0
43,53,754.05,22.82,68.22,3.47,34.74,75.55,71.39,1,1,0,1,1,0,0,0,0,0,0,0,0,1,1,0,0,1,0,0
43,55,503.02,24.01,64.08,3.1,34.74,78.85,77.96,1,1,0,0,0,0,1,0,0,0,0,0,0,0,0,0,0,0,0,0
43,56,489.15,24.51,61.86,2.89,34.74,79.13,83.73,1,1,1,1,1,1,0,0,0,0,0,1,0,0,1,0,0,0,0,0
43,59,617.85,24.11,60.53,2.56,34.74,93.61,91.05,1,1,0,1,0,0,1,0,0,0,0,0,0,0,0,1,0,0,0,0
43,60,727.1,23.14,62.27,2.45,34.74,95.93,78.81,1,1,1,1,1,1,1,1,0,0,1,1,1,1,0,1,0,1,0,0
43,62,697.65,23.17,63.14,2.24,34.74,91.08,96.35,1,1,1,1,1,1,1,1,0,0,0,1,1,0,1,1,1,1,0,1
43,64,530.96,22.58,67.78,2.21,34.74,88.34,110.72,1,1,1,1,1,1,1,1,1,0,1,1,1,1,1,1,0,0,0,0
43,65,293.97,22.65,71.18,2.47,34.74,84.87,121.03,0,0,0,0,0,1,1,0,0,1,0,1,0,0,0,1,0,0,0,0
43,66,375.57,23.06,73.85,2.8,34.74,85.71,103.95,1,1,1,1,1,1,1,1,1,0,1,1,1,1,0,1,0,1,0,0
43,67,202.94,23.59,76.01,3.08,34.74,87.26,111.02,0,1,0,1,1,1,1,0,0,1,0,1,0,0,1,1,0,0,0,0
43,68,57.71,24.26,77.72,3.29,34.74,84.76,130.23,1,1,1,1,1,1,1,1,1,1,1,1,1,1,1,1,1,1,0,1
44,38,349.1,24.72,70.25,4.42,34.74,62.53,103.24,0,1,0,0,0,0,0,0,0,0,0,0,1,0,1,1,0,0,0,0
44,39,776.91,23.34,72.96,4.5,34.74,67.81,81.75,1,1,0,0,0,0,0,0,0,0,0,0,0,0,0,0,0,0,0,0
44,43,704.29,23.44,70.44,4.08,34.74,92.25,87.73,1,1,1,0,1,1,0,0,0,0,0,1,0,0,1,0,0,0,0,0
44,44,583.99,23.56,69.92,4.06,34.74,98.55,87.31,1,1,0,1,0,0,1,0,0,0,0,1,0,0,0,0,0,0,0,0
44,45,680.03,23.8,69,3.96,34.74,87.96,85.94,1,1,0,0,1,1,0,0,0,0,0,0,0,0,0,0,0,0,0,0
44,46,617.69,23.79,68.51,3.93,34.74,69.9,86.53,1,1,0,1,0,0,0,0,0,0,0,0,0,0,1,1,0,0,0,0
44,48,828.87,22.78,69.49,4.02,34.74,61.75,82.76,1,1,1,1,1,1,1,1,1,1,1,1,1,1,1,1,1,1,0,0
44,49,964.08,21.91,70.49,4.08,34.74,60.79,85.08,1,1,1,1,1,1,1,1,0,0,1,1,1,1,1,1,0,1,0,0
44,51,1014.55,22.09,68.55,3.91,34.74,69.33,73.54,1,1,1,1,1,1,1,1,1,1,1,1,1,1,1,1,1,1,1,0
44,54,554.82,23.43,67.21,3.39,34.74,73.87,70.9,0,1,0,1,0,0,0,0,0,0,0,0,0,0,0,0,0,0,0,0
44,58,815.6,23.03,63.98,2.93,34.74,83.35,84.56,0,1,0,0,0,0,0,0,0,0,0,1,0,0,0,0,0,0,0,0
44,59,710.32,23.11,63.1,2.71,34.74,89.58,87.83,1,1,0,1,1,1,1,0,0,0,0,1,1,1,0,1,0,1,0,0
44,60,843.82,22.28,64.96,2.6,34.74,91.84,74.69,1,1,0,1,1,1,1,0,1,0,1,1,1,1,1,0,1,0,1,0
44,61,736.29,22.77,64.74,2.48,34.74,91.95,95.58,1,1,1,1,1,1,1,0,1,1,1,1,1,1,1,1,1,1,1,1
44,62,396.78,23.22,64.54,2.38,34.74,91.89,96.84,1,1,1,1,1,1,1,1,1,1,1,1,1,1,1,1,1,1,1,0
44,63,330.26,23.08,65.75,2.32,34.74,92.13,101,1,0,0,1,1,1,1,0,0,1,0,1,0,0,0,1,0,0,0,0
45,38,519.71,23.97,71.15,4.33,34.56,51.06,84.15,1,1,0,0,0,0,0,0,0,0,0,1,0,0,0,0,0,0,0,0
45,40,684.86,22.79,73,4.28,34.56,64.63,80.67,1,1,1,1,1,1,1,1,1,1,1,1,1,1,1,1,1,1,1,0
45,48,701.07,23.14,69,3.88,34.56,60.55,88.8,1,1,1,1,1,0,0,0,1,0,0,0,0,0,0,0,1,0,0,0
45,50,815.12,22.55,68.18,3.93,34.56,62.98,89.52,1,1,1,1,1,1,1,0,0,0,0,0,1,1,1,0,0,1,0,0
45,53,615.87,23.19,67.69,3.85,34.56,74.69,77.77,1,1,0,0,0,0,0,0,0,0,1,0,0,0,1,0,0,0,0,0
45,54,618.08,23.64,67.3,3.74,34.56,76.28,75.75,1,1,1,1,1,1,1,0,0,0,0,0,1,1,0,1,0,1,0,0
45,57,499.25,23.44,64,3.09,34.56,78.94,85,1,1,1,1,1,1,1,1,1,1,1,1,1,1,1,1,1,1,1,0
45,58,642.93,22.94,63.97,3.01,34.56,81.43,81.14,1,1,0,1,1,1,1,0,0,1,1,1,1,1,1,1,0,1,0,1
45,59,729.37,22.41,64.52,2.83,34.56,87.08,81.5,1,1,1,1,1,1,1,1,0,1,1,1,1,1,1,1,1,0,0,0
45,60,813.24,21.98,66.15,2.77,34.56,88.4,76.42,1,1,1,1,1,1,1,0,1,0,1,1,1,1,1,1,1,1,0,1
45,61,676.17,22.25,66.82,2.7,34.56,89.57,95.8,1,1,0,1,0,1,1,0,0,0,0,0,0,0,0,1,0,0,0,0
45,63,702.58,22.17,69.34,2.63,34.56,93.36,109.23,1,1,1,1,1,1,0,0,0,0,0,0,1,0,0,1,0,0,0,0
45,68,34.07,24.39,79.11,3.58,34.56,75.21,123.36,1,1,0,1,1,0,1,0,0,0,0,0,0,0,0,0,0,0,0,0
46,41,789.96,22.28,73.7,4.26,34.56,60.38,80.75,1,1,1,1,1,1,1,1,0,0,1,1,1,1,1,1,0,1,0,0
46,43,806.23,22.21,73.1,4.2,34.56,60.29,83.04,1,1,1,1,1,1,1,1,1,0,1,1,1,1,1,1,0,0,0,0
46,45,631.91,23.55,68.59,3.91,34.56,65.92,76.9,0,1,1,1,1,1,0,1,0,0,0,1,0,0,0,0,0,1,0,0
46,48,687.64,23.38,68.59,3.73,34.56,62.23,89.44,1,1,1,1,1,1,1,1,1,0,1,1,1,1,1,1,1,1,0,0
46,49,702.71,23.25,68.83,3.77,34.56,61.62,84.32,1,1,1,1,1,1,1,1,1,1,1,1,1,1,1,1,1,1,1,0
46,50,773.98,22.75,68.75,3.82,34.56,63.49,84.05,1,1,1,1,1,1,0,1,0,1,0,0,0,0,1,1,1,1,0,0
46,51,908.22,22.2,69.51,3.84,34.56,65.73,76.62,1,1,1,1,1,1,1,0,0,1,1,1,1,1,1,1,0,0,1,0
46,54,662.62,22.89,68.99,3.98,34.56,78.89,75.16,1,1,1,1,1,1,1,0,0,0,0,0,1,0,0,0,1,0,1,0
46,57,617.23,23.09,64.47,3.01,34.56,74.02,79.25,1,1,1,1,1,0,1,0,0,0,1,1,1,0,1,1,0,0,0,0
46,58,616.19,22.54,64.39,2.96,34.56,76.49,71.67,1,1,1,1,1,1,1,1,1,1,1,1,1,1,1,1,1,1,1,0
46,60,757.48,21.48,68.03,2.99,34.56,87.09,88.94,0,1,0,0,0,0,1,0,0,0,0,1,0,0,0,1,0,1,0,0
46,61,823.34,21.7,69.28,2.95,34.56,89.26,101.83,1,1,0,0,1,1,0,1,0,0,1,1,1,1,0,0,0,1,0,0
46,63,505.72,22.18,71.23,2.91,34.56,83.23,120.73,0,0,0,1,1,1,0,0,0,0,0,0,0,0,0,0,0,0,0,0
46,65,240.96,23.56,72.99,2.99,34.56,83.34,101.44,0,0,0,0,0,0,0,0,0,0,0,1,0,0,0,0,0,0,0,0
46,68,17.57,24.68,79.36,3.61,34.56,73.65,116.13,1,1,1,1,1,1,1,1,1,0,1,1,1,1,1,0,0,1,1,0
47,41,833.21,22.13,74.38,4.3,34.38,54.58,74.28,1,1,1,1,1,1,1,1,1,1,1,1,1,1,1,1,1,1,1,0
47,43,741.9,22.65,73.15,4.24,34.38,56.03,80.78,1,1,1,1,1,0,0,0,0,0,0,1,1,0,1,0,0,0,0,0
47,46,520.46,24.42,66.58,3.73,34.38,66.87,71.83,0,1,0,0,1,0,0,0,0,0,0,0,0,0,0,0,0,0,0,0
47,48,650.56,23.71,68.05,3.63,34.38,64.1,78.35,1,1,1,1,1,1,1,0,1,1,0,0,1,0,1,0,0,0,1,0
47,49,597.27,23.2,69.65,3.66,34.38,65.85,86.28,0,0,1,1,1,0,0,0,1,0,0,0,0,0,0,0,0,0,0,0
47,50,721.44,22.72,70.3,3.78,34.38,65.82,90.41,1,1,0,0,0,0,0,0,0,0,0,0,0,0,0,0,0,0,0,0
47,51,755.4,22.19,70.91,3.82,34.38,66.12,78.86,1,1,1,1,1,1,1,1,1,1,1,1,1,1,1,1,0,1,1,0
47,52,816.9,21.82,71.42,3.82,34.38,68.25,72.17,1,1,0,1,1,1,0,0,0,0,1,0,1,1,1,0,0,0,0,0
47,53,804.79,21.7,71.7,3.82,34.38,72.5,74.16,1,1,1,1,1,0,0,0,1,0,0,0,0,0,0,0,1,0,0,0
47,55,789.15,22.34,69.63,3.53,34.38,74.07,69.3,0,1,0,0,1,0,0,0,0,0,0,0,1,0,0,0,0,0,0,0
47,56,559.81,22.91,66.9,3.22,34.38,73.3,62.36,0,1,1,1,1,0,0,0,0,0,0,0,1,0,0,0,0,0,0,0
47,58,587.51,22.44,64.73,3.07,34.38,72.66,81.34,1,1,1,1,1,1,1,0,1,1,1,1,1,1,1,1,1,1,1,0
47,59,1094.3,20.11,69.98,3.21,34.38,76.83,63.6,1,1,1,1,1,1,1,1,1,1,1,1,1,1,1,1,1,1,1,1
47,60,840.07,20.91,70.33,3.18,34.38,80.99,100.61,1,1,1,1,1,1,1,1,1,1,1,1,1,1,1,1,1,1,1,1
47,61,641.04,21.59,71.02,3.12,34.38,84.3,116.07,1,1,1,1,1,1,1,0,1,1,0,1,1,0,0,0,0,1,0,0
47,65,221.09,23.54,73.58,3.01,34.38,80.24,97.2,1,1,0,0,0,1,1,0,0,0,0,0,0,0,0,0,0,0,0,0
47,66,123.7,23.94,75.42,3.24,34.38,81.12,94.53,0,0,1,1,1,1,0,1,1,1,0,0,0,0,0,0,0,0,0,0
47,67,49.8,24.46,77.7,3.42,34.38,77.2,123.06,0,1,1,1,1,1,1,1,1,0,0,1,0,1,0,1,0,0,0,0
48,37,257.21,25.34,66.34,3.64,34.38,55.75,93.73,1,1,1,1,1,1,1,0,1,0,0,1,1,1,0,1,0,1,1,0
48,40,659.85,22.78,73.19,4.18,34.38,53.13,82.91,0,1,1,0,0,0,1,0,0,0,0,0,0,0,0,1,0,0,0,0
48,41,819.45,22.34,74.3,4.26,34.38,50.18,79.43,1,1,0,0,0,0,0,0,0,1,0,0,0,0,1,0,0,0,0,0
48,44,510.07,23.75,71.04,4.14,34.38,59.49,86.39,0,1,0,1,0,0,1,0,0,0,0,0,0,0,0,0,0,0,0,0
48,46,462.44,24.61,66.67,3.71,34.38,67.81,68.54,0,1,0,0,0,0,0,0,0,0,0,0,0,0,1,0,0,0,0,0
48,48,626.85,23.58,68.4,3.62,34.38,62.82,73.7,1,1,1,1,1,1,1,0,1,1,1,0,1,0,1,0,0,0,1,0
48,49,822.5,22.63,70.76,3.67,34.38,61.26,75.51,1,1,1,1,1,0,1,0,1,0,1,0,1,1,1,1,1,0,0,0
48,50,887.52,22.1,72.08,3.84,34.38,62.03,81.56,1,1,1,1,1,1,1,1,1,1,1,1,1,1,1,1,1,1,1,1
48,53,946.62,20.88,73.18,3.76,34.38,64.65,79.93,1,1,1,1,1,1,1,1,1,1,1,1,1,1,1,1,1,1,1,0
48,56,601.21,22.86,67.61,3.31,34.38,74.71,67.72,1,1,0,0,0,1,0,1,0,1,1,0,1,1,1,0,0,0,1,0
48,57,608.81,23.08,65.62,3.21,34.38,76.12,68.58,1,1,0,1,1,1,1,0,0,0,0,1,1,1,0,1,0,0,0,0
48,58,624.43,22.48,65.61,3.26,34.38,76,76.06,1,1,1,1,1,1,1,0,1,1,1,1,1,1,1,1,0,1,1,0
48,59,889.26,20.23,70.71,3.39,34.38,74.89,76.98,1,1,0,1,1,1,1,0,0,1,1,1,0,0,1,0,0,0,0,0
48,60,706.09,21.09,71.01,3.31,34.38,75.11,116.98,1,1,1,1,1,1,1,1,1,1,1,1,1,1,1,1,0,1,1,0
48,63,205.62,23.7,69.72,2.92,34.38,77.51,91.3,1,1,1,1,1,1,1,0,0,0,1,0,1,0,1,0,0,1,0,0
48,65,197.52,23.44,73.82,2.96,34.38,77.97,102.7,0,1,1,1,1,1,1,1,1,0,0,0,0,0,0,1,0,1,0,0
48,66,94.12,23.93,75.63,3.19,34.38,78.09,105.11,1,1,1,1,1,1,1,0,1,0,1,0,1,1,1,1,0,0,0,0
48,67,30.28,24.58,77.81,3.32,34.38,72.86,117.22,1,1,1,1,1,1,1,1,1,1,1,1,1,1,1,1,0,1,1,0
49,31,131.71,27.39,56.95,2.69,34.2,25,112.79,1,1,1,1,1,1,1,1,1,1,1,1,1,1,1,1,1,1,1,0
49,37,379.25,24.82,66.24,3.62,34.2,53.66,92.48,0,1,0,1,0,0,0,0,1,0,0,0,0,0,0,0,0,0,0,0
49,43,458.52,23.23,72.65,4.06,34.2,62.92,92.47,0,1,0,0,0,0,0,0,0,0,0,0,0,0,1,0,0,0,0,0
49,47,531.56,23.93,68.14,3.71,34.2,63.6,83.28,0,1,1,1,1,0,1,0,0,0,0,0,0,0,0,0,0,0,0,0
49,49,673.52,22.48,70.9,3.76,34.2,50.85,74.62,1,1,0,1,0,0,1,0,0,0,0,1,1,0,0,1,0,0,0,0
49,51,883.52,20.99,73.77,4,34.2,51.31,75.01,1,1,0,1,1,1,0,0,0,0,1,1,1,1,1,0,0,1,0,0
49,52,932.67,20.63,73.66,3.96,34.2,54.29,75.49,1,1,1,1,1,1,1,1,1,1,1,1,1,1,1,1,1,1,1,0
49,54,1095.91,20.66,72.6,3.82,34.2,60.68,81.1,0,1,0,1,1,0,1,0,0,0,0,0,0,0,0,0,0,0,0,0
49,58,712.1,21.91,68.08,3.46,34.2,76.73,73.29,1,1,1,1,1,1,1,1,1,1,1,1,1,1,1,1,1,1,1,0
49,59,762.7,20.58,71.27,3.57,34.2,75.22,77.37,1,1,1,1,1,1,1,1,1,1,1,1,1,1,1,1,1,1,1,0
49,60,596.33,21.2,71.93,3.5,34.2,73.16,103.51,1,1,1,1,1,1,1,1,0,0,1,1,1,1,1,1,0,1,0,0
49,61,448.36,21.91,72.34,3.39,34.2,71.42,109.66,0,1,1,1,1,1,0,0,1,0,0,1,0,0,0,1,1,1,0,0
49,62,279.92,22.57,72.08,3.21,34.2,72.61,102.89,1,1,1,1,1,1,1,1,1,0,0,0,0,0,0,1,0,1,0,0
49,64,258.87,23.24,71.82,2.89,34.2,75.45,100.97,1,1,1,1,1,0,1,0,1,1,0,0,0,0,0,1,0,0,0,0
49,65,171.24,23.4,74.31,3.02,34.2,77.44,105.87,1,1,1,1,1,1,0,1,1,0,1,1,0,0,0,1,0,0,0,0
49,66,77.92,23.96,76.19,3.23,34.2,76.23,106.75,1,1,1,1,1,1,1,1,1,1,1,1,1,1,1,1,1,1,1,1
50,37,294.72,24.43,66.8,3.69,34.2,51.26,96.03,1,1,0,0,0,0,0,0,0,0,1,0,0,0,0,0,0,0,0,0
50,38,565.04,23.33,70.14,3.8,34.2,54.42,86.72,1,1,0,0,1,1,1,0,0,0,0,0,0,0,1,0,0,0,0,0
50,44,431.81,24.29,69.94,3.82,34.2,75.49,75.54,0,1,0,1,1,0,1,0,0,0,0,0,0,0,0,0,0,0,0,0
50,45,413.36,24.58,67.57,3.71,34.2,76.07,78.79,0,1,0,0,1,0,1,0,0,0,0,0,0,0,0,0,0,0,0,0
50,47,439.56,23.96,68.85,3.73,34.2,65.52,74.76,1,1,1,1,1,1,1,1,1,1,1,1,1,1,1,1,1,1,0,1
50,48,500.37,23.45,70.02,3.82,34.2,55.95,79.96,1,1,0,1,0,0,0,0,0,0,0,0,0,0,1,0,0,0,0,0
50,51,764.3,21.53,72.5,4.13,34.2,44.68,81.7,1,1,1,1,1,1,1,1,1,1,1,1,1,1,1,1,1,0,0,0
50,52,945.19,20.58,73.41,4.12,34.2,47.63,77.37,1,1,0,0,1,1,0,0,0,1,1,1,1,1,1,0,0,0,0,0
50,53,995.85,20.14,73.45,4.05,34.2,51.03,74.87,0,1,0,1,1,0,1,0,0,0,0,0,1,0,1,1,0,0,0,0
50,54,1010.51,20.59,72.58,3.94,34.2,53.77,82.94,1,1,0,0,0,0,0,0,0,0,1,0,1,0,1,0,0,0,0,0
50,56,737.3,21.85,70.07,3.63,34.2,66.18,86.29,1,1,0,1,0,1,0,0,0,0,0,0,1,1,0,0,0,0,0,0
50,58,800.95,21.15,70.09,3.63,34.2,72.22,89.57,1,1,1,1,1,1,1,1,1,0,1,1,0,0,1,1,1,1,1,0
50,59,800.85,20.13,72.88,3.7,34.2,73.31,93.57,1,1,1,1,1,1,1,1,1,1,1,1,1,1,1,1,1,1,1,1
50,60,711.36,20.93,73.32,3.67,34.2,68.88,105.03,1,1,1,1,1,1,1,1,1,1,1,1,1,1,1,1,1,1,1,1
50,61,462.16,21.6,73.51,3.56,34.2,65.67,113.97,1,1,1,1,1,1,1,1,1,1,1,1,1,1,1,1,1,1,1,1
50,62,561.68,21.75,74.05,3.38,34.2,66.11,104.07,1,1,1,1,1,1,1,1,1,0,0,1,1,1,1,1,1,1,0,0
50,64,228.96,22.18,74.83,3.18,34.2,70.52,103.82,0,1,1,1,1,1,1,0,0,0,0,0,0,0,0,1,0,1,0,0
50,65,190.25,22.57,76.93,3.26,34.2,73.45,106.18,1,1,1,1,1,1,1,1,1,1,1,1,1,1,1,1,1,1,1,0
50,66,44.92,23.68,78.21,3.33,34.2,71.45,111.6,1,1,1,1,1,1,1,1,1,1,1,1,0,0,1,1,0,1,1,0
51,34,163.09,26.15,62.29,3.26,34.02,52.13,108.8,1,1,1,1,1,1,1,1,1,1,1,1,1,1,1,1,1,1,1,0
51,35,164.72,26,62.65,3.45,34.02,51.73,107.94,1,1,1,1,1,1,1,1,1,1,1,1,1,1,1,1,1,1,1,1
51,37,545.62,24.13,67.67,3.74,34.02,52.57,89.67,1,1,1,1,1,1,1,1,1,1,1,0,1,1,1,1,0,0,1,1
51,39,419.6,23.34,71.13,3.83,34.02,50.09,76.16,0,1,0,1,0,0,0,0,0,0,0,0,1,0,0,0,0,0,0,0
51,41,341.63,23.78,70.95,3.77,34.02,59.93,77.93,1,1,1,1,1,0,0,0,0,0,0,0,0,0,0,0,0,0,0,0
51,44,344.58,24.6,68.62,3.58,34.02,79.24,75.07,1,1,1,1,1,1,1,0,0,0,0,1,1,1,1,1,0,0,1,0
51,45,390.67,24.47,67.75,3.58,34.02,80.27,81.99,1,1,1,1,1,1,1,0,1,1,1,1,1,1,1,1,1,1,0,0
51,46,470.95,24.22,68.08,3.6,34.02,78.14,84.51,1,1,1,1,1,1,1,1,1,1,1,1,1,1,1,1,1,1,1,0
51,47,491.2,23.89,68.97,3.66,34.02,73.07,80.97,1,1,1,1,1,1,1,0,1,1,1,0,1,0,1,1,0,1,0,0
51,48,471.88,23.6,69.77,3.77,34.02,64.97,80.15,1,1,1,1,1,1,1,1,1,1,1,1,1,1,1,1,1,1,1,1
51,49,485.18,23.58,69.71,3.85,34.02,55.62,78.21,1,1,0,0,0,0,0,0,0,0,0,0,0,0,1,0,0,0,0,0
51,50,518.46,23.28,69.36,4.05,34.02,48.95,77.14,1,1,0,0,0,1,1,0,0,0,0,0,0,0,1,0,0,0,0,0
51,51,654.53,22.25,70.6,4.16,34.02,47.24,86.43,1,1,1,1,1,1,1,1,1,1,1,1,1,1,1,1,1,1,1,1
51,52,857.13,21.13,72.22,4.16,34.02,47.74,88.87,1,1,1,1,1,1,1,1,1,1,1,1,1,1,1,1,1,1,1,0
51,53,715.49,20.45,73.34,4.05,34.02,49.52,72.83,1,1,1,1,1,1,1,1,1,1,1,1,1,1,1,1,1,1,1,0
51,54,820.09,20.68,73.32,3.9,34.02,52.93,77.86,1,1,1,1,1,1,1,0,1,1,1,1,1,1,1,1,1,1,1,0
51,55,733.38,21.32,72.19,3.77,34.02,57.84,86.07,1,1,1,1,1,1,1,1,1,1,1,0,1,0,1,1,1,1,0,0
51,56,846.47,21.15,71.47,3.69,34.02,61.58,91.7,1,1,1,1,1,0,1,0,0,1,1,1,1,0,0,1,0,1,0,0
51,57,798.22,20.81,71.07,3.68,34.02,64.79,92.95,0,1,0,1,1,0,0,0,0,0,0,0,0,0,0,0,0,1,0,0
51,58,841.69,20.39,71.6,3.72,34.02,67.37,92.62,1,1,0,1,1,1,1,0,0,1,1,1,1,1,1,1,0,1,1,1
51,59,1041.23,19.5,74.43,3.77,34.02,68.74,85.7,1,1,1,1,1,1,1,1,1,1,1,1,1,1,1,1,1,1,1,1
51,60,644.68,20.74,74.09,3.72,34.02,63.63,105.75,1,1,0,1,1,1,1,0,0,0,1,1,1,1,1,1,1,1,0,1
51,61,446.45,20.97,74.88,3.65,34.02,59.77,99.27,1,1,1,1,1,1,1,1,1,0,1,0,0,0,1,1,1,1,0,0
51,62,692.29,20.62,76.33,3.55,34.02,58.64,105.8,1,1,1,1,1,1,1,1,1,1,1,1,1,1,1,1,1,1,1,0
51,63,648.29,20.34,77.63,3.45,34.02,58.86,108.96,1,1,1,1,1,1,1,1,1,1,1,1,1,1,1,1,1,1,1,1
51,64,665.41,21.03,77.74,3.44,34.02,58.4,110.08,1,1,1,1,1,1,1,0,1,0,1,1,0,1,0,1,0,1,0,0
51,65,672.53,21.67,79.96,3.48,34.02,58.08,118.96,1,1,1,1,1,1,1,1,1,0,1,0,0,0,0,1,0,1,0,0
51,66,26.72,23.37,80.51,3.26,34.02,60.42,102.24,0,1,1,1,1,1,0,1,1,0,0,0,0,0,0,0,0,1,0,0
52,33,407.91,24.76,64.43,3.31,34.02,54.12,119.84,0,1,1,1,1,1,1,1,1,1,1,1,0,0,1,1,1,1,1,0
52,43,293.44,24.4,68.62,3.45,34.02,76.74,83.89,1,1,1,1,1,1,1,0,1,0,0,1,1,1,1,0,1,1,0,0
52,44,391.09,24.5,68.15,3.43,34.02,81.93,86.49,1,1,1,1,1,1,1,1,1,1,1,1,1,1,1,1,1,1,1,0
52,45,387.34,24.22,68.32,3.5,34.02,84.4,85.21,0,1,0,0,0,0,0,0,0,0,0,0,0,0,0,0,0,0,0,0
52,46,439.19,23.92,68.55,3.52,34.02,83.27,89.97,1,1,1,1,1,0,1,0,0,0,0,1,0,0,1,1,0,1,0,0
52,47,511.82,23.64,68.91,3.57,34.02,79.68,89.1,1,1,1,1,1,1,1,0,0,0,0,1,1,1,1,1,0,0,0,0
52,48,526.58,23.44,69.2,3.63,34.02,74.67,85.2,1,1,1,1,1,1,1,1,1,1,1,1,1,1,1,1,1,1,0,0
52,49,566.81,23.38,68.94,3.67,34.02,70.2,91.58,1,1,1,1,1,1,1,0,1,1,1,0,1,1,1,1,1,1,0,0
52,51,711.5,22.4,69.74,4.04,34.02,54.08,89.52,1,1,1,1,1,1,1,1,1,1,1,1,1,1,1,1,1,1,1,0
52,52,869.44,21.5,71.5,4.05,34.02,52.27,96.24,1,1,1,1,1,1,1,1,1,1,1,1,1,1,1,1,0,1,0,0
52,53,789.57,20.82,73.41,3.95,34.02,54.1,98.28,1,1,0,1,1,1,1,0,0,0,1,1,1,0,1,1,0,1,0,0
52,54,788.93,20.6,74.43,3.81,34.02,54.25,85.4,1,1,1,1,1,1,1,0,1,1,1,1,1,0,1,1,1,1,0,0
52,55,805.42,20.86,73.47,3.71,34.02,55.52,79.37,0,1,0,1,1,0,0,0,0,0,1,0,0,0,0,0,0,1,0,0
52,57,958.45,20.21,72.26,3.67,34.02,60.67,90.06,0,1,0,1,1,1,0,0,0,0,0,1,0,0,1,0,0,1,0,0
52,58,1027.7,19.81,73.02,3.73,34.02,64,86.74,1,1,1,1,1,1,1,1,1,1,1,1,1,1,1,1,1,1,1,1
52,59,918.62,19.23,75.59,3.81,34.02,65.17,97.14,1,1,1,1,1,1,1,1,1,1,1,1,1,1,1,1,1,1,1,0
52,60,698.15,20.57,75.12,3.79,34.02,61,103.28,0,0,1,1,1,0,0,0,1,0,0,0,0,0,0,0,0,0,0,0
52,61,687.42,20.88,75.52,3.74,34.02,56.46,99.31,1,1,1,1,1,1,1,1,1,1,1,1,1,1,1,1,1,1,1,1
52,62,652.84,20.86,76.15,3.64,34.02,56.21,108.71,1,1,1,1,1,1,1,1,1,1,1,1,1,1,1,1,1,1,0,1
52,63,638.89,21.06,76.64,3.5,34.02,59.21,109.11,1,1,1,1,1,1,1,1,1,1,1,1,1,1,1,1,1,1,1,1
52,64,256.07,21.94,76.86,3.43,34.02,57.94,113.96,1,1,1,1,1,1,1,0,1,0,1,1,0,0,1,1,1,1,0,0
52,65,164.98,22.74,79.49,3.34,34.02,55.84,114.14,1,1,1,1,1,1,1,1,1,1,1,1,1,1,1,1,1,1,1,1
53,34,282.7,24.65,65.6,3.61,33.8,48.92,104.49,1,1,1,1,1,1,1,1,1,1,1,1,1,1,1,1,1,1,1,1
53,35,331.79,24.1,66.62,3.7,33.8,57.27,102.65,1,1,1,1,1,0,1,0,0,0,0,1,1,0,1,1,0,0,0,0
53,38,426.37,23.48,69.7,3.68,33.8,46.13,80.13,0,1,0,1,0,0,0,0,0,0,0,0,0,0,0,0,0,0,0,0
53,42,321.16,23.92,69.67,3.55,33.8,77.49,85.39,0,1,0,0,0,0,0,0,0,0,0,1,1,0,0,0,0,0,0,0
53,43,343.34,24.24,68.34,3.47,33.8,79.76,85.75,0,1,1,1,1,1,1,0,0,0,1,0,0,1,0,1,0,1,0,0
53,44,410.19,24,68.45,3.46,33.8,81.85,90.5,1,1,1,1,1,0,1,0,0,0,1,0,0,1,1,1,0,1,0,0
53,45,388.18,23.75,69.28,3.48,33.8,85.42,92.37,1,1,1,1,1,1,1,1,1,1,0,1,1,1,0,1,1,1,0,0
53,46,373.27,23.62,69.5,3.49,33.8,87.91,84.78,1,1,1,1,1,1,1,0,0,0,0,1,1,0,0,1,1,1,0,0
53,47,407.2,23.56,69.35,3.51,33.8,88.58,85.32,1,1,1,1,1,0,1,0,0,0,0,0,1,0,1,1,0,0,0,0
53,48,453.85,23.42,69.07,3.55,33.8,86.47,92.65,1,1,1,1,1,1,1,1,1,1,1,1,1,1,1,1,1,1,0,0
53,49,543.38,23.02,68.84,3.57,33.8,80.15,89.55,1,1,1,1,1,1,1,1,1,1,1,1,1,1,1,1,1,1,0,1
53,50,561.44,22.7,69.4,3.78,33.8,76.63,89.08,1,1,1,1,1,1,1,1,1,1,1,1,1,1,1,1,1,1,1,0
53,51,590.62,22.26,69.92,3.89,33.8,63.48,86.75,1,1,1,1,1,1,1,1,1,1,1,1,1,1,1,1,1,1,1,0
53,52,754.2,21.43,71.57,3.94,33.8,55.69,97.09,1,1,1,1,1,1,1,1,1,1,1,1,1,1,1,1,1,1,0,0
53,53,896.02,20.49,74.07,3.93,33.8,55.35,104.73,1,1,1,1,1,1,1,1,1,0,1,1,1,0,0,1,1,1,1,0
53,54,863.57,20.24,75.09,3.83,33.8,56.67,97.68,1,1,0,1,1,1,0,0,0,0,0,0,0,0,0,1,1,1,0,0
53,55,806.79,20.44,74.43,3.75,33.8,54.34,86.42,1,1,0,1,1,1,1,0,0,0,1,0,1,0,0,0,0,1,0,0
53,56,855.61,20.2,73.66,3.72,33.8,55.64,91.87,1,1,1,1,1,1,1,0,0,1,1,1,1,1,1,1,0,1,0,0
53,57,907.68,19.8,73.53,3.73,33.8,58.96,82.69,1,1,1,1,1,1,1,1,1,1,1,1,1,1,1,1,1,1,1,1
53,58,973.28,19.41,74.53,3.78,33.8,62.37,76.68,1,1,1,1,1,1,1,1,1,1,1,1,1,1,1,1,1,1,1,1
53,59,1032.85,19.13,76.96,3.89,33.8,63.48,96.47,1,1,1,1,1,1,1,1,1,1,1,1,1,1,1,1,1,1,1,0
53,60,571.68,20.62,76.44,3.86,33.8,61.68,102.65,1,1,1,1,1,1,1,0,0,0,0,0,1,1,0,1,0,1,0,0
53,61,363.11,21.64,75.38,3.79,33.8,62.63,102.09,1,1,1,1,1,1,1,1,1,1,1,1,1,1,0,1,1,1,1,1
53,62,203.64,22.26,74.55,3.56,33.8,70.37,108.62,1,1,1,1,1,1,1,1,1,1,1,1,1,1,1,1,1,1,0,1
53,63,142.76,22.73,74.5,3.27,33.8,77.66,105.24,1,1,1,1,1,1,1,1,1,1,1,1,1,1,1,1,1,1,0,0
53,64,83.18,23.5,75.53,3.21,33.8,72.2,98.04,1,1,1,1,1,1,0,0,0,0,1,1,0,0,0,0,0,0,0,0
53,65,12.8,23.95,79.41,2.94,33.8,63.6,80.8,1,1,1,1,1,1,1,0,1,0,1,1,0,0,0,1,1,1,0,0
54,31,78.86,25.81,60.14,3.26,33.8,49.1,102.08,1,1,1,1,1,1,1,1,1,1,1,1,1,1,1,1,1,1,1,1
54,36,378.1,23.1,69.96,3.91,33.8,51.77,83.28,1,1,1,1,1,1,1,0,1,0,0,1,1,1,1,1,1,1,0,0
54,37,329.33,23.61,69.25,3.8,33.8,51.06,82.36,1,1,1,1,1,1,1,0,1,0,0,0,0,1,0,1,0,1,0,0
54,42,288.44,23.72,69.81,3.64,33.8,78.52,81.75,1,1,1,1,1,1,1,1,1,1,1,1,1,1,1,1,1,1,1,1
54,43,363.68,23.86,68.33,3.56,33.8,80.93,83.51,1,1,1,1,1,1,1,1,1,1,1,1,1,1,1,1,1,1,1,1
54,44,416.06,23.55,68.78,3.56,33.8,82.09,91.04,1,1,1,1,1,1,1,1,1,1,0,1,1,0,1,1,1,1,1,0
54,45,465.78,23.18,70.05,3.55,33.8,84.05,91.78,1,1,1,1,1,1,1,0,1,1,0,1,1,0,1,1,1,1,1,1
54,47,463.21,22.98,70.61,3.55,33.8,93.61,87.72,1,1,1,1,1,1,1,0,1,0,0,0,0,0,0,1,1,1,0,0
54,49,477.22,22.79,69.84,3.56,33.8,93.11,86.53,1,1,1,1,1,1,1,0,1,0,1,0,1,0,1,1,0,1,0,0
54,50,630.36,22.02,71.23,3.73,33.8,91.32,89.4,1,1,1,1,1,1,1,1,1,1,1,1,1,1,1,1,1,1,1,0
54,51,648.99,21.8,71.37,3.82,33.8,79.91,95.36,1,1,1,1,1,1,1,1,1,1,1,1,1,1,1,1,1,1,1,1
54,52,663.4,21.38,71.97,3.91,33.8,62.89,94.61,1,1,1,1,1,1,1,1,1,1,1,1,1,1,1,1,1,1,1,1
54,53,1040.29,20.48,73.83,4,33.8,54.81,100.72,1,1,1,1,1,1,1,1,1,1,1,1,1,1,1,1,1,1,1,1
54,54,1024.73,19.22,76.77,3.97,33.8,55.26,98.83,0,1,0,1,1,1,0,0,0,0,0,0,0,0,0,1,0,1,0,0
54,55,847.95,19.57,76.18,3.9,33.8,53.28,97.18,1,1,0,1,1,1,0,1,0,0,1,0,0,0,1,1,0,1,0,0
54,56,902.78,19.38,75.82,3.91,33.8,54.32,93.79,1,1,0,1,0,0,0,0,0,0,1,0,0,0,0,0,0,1,0,0
54,57,996.91,19.09,76.03,3.95,33.8,57,85.5,1,1,1,1,1,1,1,1,1,1,1,1,1,1,1,1,1,1,1,0
54,58,1021.06,19.05,76.84,3.98,33.8,59.4,79.66,1,1,1,1,1,1,1,0,0,0,1,1,1,1,1,1,1,1,0,0
54,59,823.32,19.49,77.91,3.96,33.8,55.11,107.86,1,1,1,1,1,1,1,1,1,1,1,1,1,1,1,1,1,1,1,0
54,60,529.53,20.5,78.12,3.9,33.8,58.06,104.12,1,1,1,1,1,1,1,1,1,1,1,1,1,1,1,1,1,1,1,1
54,61,330.83,21.36,77.51,3.83,33.8,67.13,109.98,1,1,1,1,1,1,1,0,1,1,0,1,1,1,1,1,1,1,0,1
54,62,199.02,22.16,76.36,3.51,33.8,78.79,107.04,1,1,1,1,1,1,1,1,1,1,1,1,1,1,1,1,1,1,0,0
54,63,64.38,22.98,75.74,3.09,33.8,81.47,107.37,0,1,1,1,1,1,0,0,0,0,0,0,0,0,0,0,0,1,0,0
54,64,11.88,23.92,77.3,3.16,33.8,73.19,82.12,1,1,1,1,1,1,1,1,1,1,0,0,1,1,0,1,1,1,0,0
55,32,221,24.92,63.5,3.48,33.59,49.86,109.34,1,1,1,1,1,1,1,1,0,0,1,1,1,1,1,1,1,1,0,0
55,33,207.84,24.35,65.82,3.6,33.59,47.2,114.21,1,1,1,1,1,1,1,1,1,1,1,1,1,1,1,1,1,1,1,1
55,35,606.17,22.24,72.27,4.1,33.59,48.86,92.74,0,1,0,1,1,0,0,0,0,0,0,0,0,0,1,0,0,0,0,0
55,37,368.35,23.13,70.86,3.97,33.59,57.71,84.58,1,1,1,1,1,1,1,1,1,1,0,0,1,0,1,1,0,1,1,0
55,39,381.12,23.3,71.51,3.74,33.59,67.27,96.13,0,0,0,1,0,0,0,0,0,0,0,0,0,0,0,0,0,0,0,0
55,40,329.56,23.31,71.83,3.74,33.59,68.5,94.73,0,1,0,0,0,0,0,0,0,0,0,0,0,0,0,1,0,0,0,0
55,41,306.66,23.42,71.32,3.73,33.59,73.84,91.33,0,1,0,1,1,1,1,0,0,0,0,0,0,1,0,1,0,1,0,0
55,44,456.82,23.25,69.62,3.67,33.59,85.25,91.65,0,1,0,0,0,1,1,0,0,0,0,0,1,0,1,0,0,0,0,0
55,45,482.22,22.82,70.46,3.66,33.59,84.67,88.06,1,1,1,1,1,1,1,1,1,0,1,1,1,1,1,1,1,1,1,1
55,46,575.49,22.39,71.54,3.65,33.59,85.53,93.63,0,1,0,1,1,1,1,0,0,0,0,0,1,0,1,0,0,0,0,0
55,47,584.24,22.11,72.13,3.64,33.59,90.72,102.16,1,1,1,1,1,1,1,1,1,1,1,1,1,1,1,1,1,1,1,1
55,48,517.61,22.02,72.13,3.63,33.59,99.93,92.81,1,1,1,1,1,1,1,1,1,1,1,1,1,1,1,1,1,1,1,1
55,49,506.34,22.05,72.12,3.65,33.59,107.13,87.15,1,1,1,1,1,1,1,1,1,0,1,1,1,1,1,1,1,1,1,0
55,50,678.45,21.58,72.79,3.74,33.59,104.93,95.26,1,1,1,1,1,1,1,1,1,1,1,1,1,1,1,1,1,1,1,0
55,51,705.06,21.4,72.92,3.8,33.59,98.18,95.57,1,1,1,1,1,1,1,1,1,1,1,1,1,1,1,1,1,1,1,1
55,52,624.77,21.15,73.12,3.92,33.59,79.6,92.59,1,1,1,1,1,1,1,1,1,0,1,1,1,1,1,1,1,1,0,0
55,53,758.07,20.35,74.36,4.09,33.59,62.48,101.46,1,1,1,1,1,1,1,1,1,1,1,1,1,1,1,1,1,1,1,1
55,54,1007.34,18.45,78.18,4.16,33.59,51.57,103.8,1,1,1,1,1,1,1,1,1,0,1,0,1,1,1,1,1,1,0,0
55,55,861.1,18.53,78.44,4.07,33.59,48.46,99.73,1,1,0,1,1,1,1,0,0,0,1,1,1,1,1,1,0,1,0,0
55,56,1050.42,18.49,78.49,4.13,33.59,48.4,108.78,1,1,1,1,1,0,0,0,1,0,1,0,0,0,0,1,1,1,0,0
55,57,885.41,18.67,78.77,4.21,33.59,50.89,108.67,1,1,1,1,1,1,1,1,1,1,1,1,1,1,1,1,1,1,0,0
55,58,664.02,19.32,78.98,4.21,33.59,56.78,111.33,1,1,1,1,1,1,1,1,1,1,1,1,1,1,1,1,1,1,0,0
55,59,494.26,20.61,78.09,4.02,33.59,64.9,110.72,1,1,1,1,1,1,1,0,0,0,1,1,0,1,1,1,0,1,1,0
55,60,498.84,20.86,78.7,3.96,33.59,52.18,108.64,1,1,0,1,1,0,0,0,0,0,1,0,0,0,0,0,0,1,0,0
55,61,723.96,20.93,79.69,3.96,33.59,54.78,117.95,1,1,1,1,1,1,1,1,1,1,1,1,1,1,1,1,1,1,0,0
55,62,386.94,21.69,79.83,3.76,33.59,64.48,126.44,1,1,1,1,1,1,1,0,1,1,1,1,0,1,1,1,1,1,0,0
55,63,29.84,23.01,79.5,3.46,33.59,70,109.14,1,1,1,1,1,1,1,1,1,1,1,1,1,1,1,1,1,1,0,1
55,64,8.04,23.8,80.93,3.46,33.59,67.11,76.76,1,1,1,0,1,1,0,0,1,0,1,0,1,1,0,1,0,0,0,0
56,35,626.69,22.17,73.23,4.16,33.59,49.33,109.27,1,1,0,1,1,0,1,0,0,0,1,0,0,0,1,1,0,1,0,0
56,37,416.21,22.61,72.87,4.1,33.59,55.22,95.3,0,1,0,1,1,0,0,0,0,1,0,0,0,0,1,1,0,0,0,0
56,40,313.48,23.22,71.86,3.75,33.59,71.17,97.13,0,1,1,1,1,0,0,1,1,0,0,0,0,1,0,1,0,0,0,0
56,41,386.09,23.02,71.74,3.75,33.59,73.25,93.38,1,1,1,1,1,1,1,1,1,1,0,1,0,1,0,1,0,1,0,1
56,42,391.85,22.86,71.35,3.78,33.59,76.89,97,1,1,1,1,1,1,1,1,1,1,1,1,1,1,1,1,1,1,1,0
56,43,407.6,22.8,70.96,3.82,33.59,82.05,88.62,0,1,1,1,1,1,0,1,1,0,0,1,1,0,1,1,0,1,0,0
56,44,468.65,22.76,71.11,3.82,33.59,89.28,86.4,1,1,1,1,1,1,1,1,1,1,0,1,1,1,1,1,0,1,0,0
56,45,376.37,22.52,71.08,3.76,33.59,90.29,80.45,0,1,1,1,1,0,0,0,0,0,0,0,1,0,0,1,0,1,0,0
56,46,485.93,22.19,71.83,3.73,33.59,89.44,84,1,1,1,1,1,1,1,1,1,1,1,1,1,1,1,1,1,1,1,0
56,47,479.76,21.77,72.77,3.72,33.59,90.61,87.64,0,1,1,1,1,1,0,0,0,1,1,0,1,0,1,1,0,1,0,0
56,48,608.73,21.28,73.74,3.73,33.59,97.42,93.11,1,1,1,1,1,1,1,1,1,1,1,1,1,1,1,1,1,1,1,1
56,49,637.95,20.81,74.99,3.74,33.59,108.1,95.45,1,1,1,1,1,1,1,1,0,0,1,1,1,1,1,1,1,1,1,0
56,50,527.51,21.1,74.34,3.73,33.59,117.26,95.01,1,1,1,1,1,1,1,1,1,1,1,1,1,1,1,1,1,1,1,1
56,51,538.26,21.17,73.99,3.75,33.59,110.88,95.01,1,1,1,1,1,1,1,1,1,1,1,1,1,1,1,1,1,1,1,1
56,52,586.17,20.84,74.44,3.91,33.59,98.97,82.3,1,1,1,1,1,1,1,1,1,1,1,1,1,1,1,1,1,1,1,1
56,53,753.96,20.02,75.88,4.17,33.59,86.45,101.92,1,1,1,1,1,1,1,1,1,0,1,1,1,1,1,1,1,1,0,0
56,54,1103.39,18.68,78.35,4.3,33.59,66.75,105.54,1,1,1,1,1,1,1,1,1,0,1,1,1,1,1,1,1,1,0,0
56,55,806.47,18.64,79.19,4.2,33.59,63.2,112.11,1,1,1,1,1,1,1,1,1,1,1,1,1,1,1,1,1,1,1,0
56,56,680.24,18.68,80.33,4.32,33.59,67.34,107.97,1,1,1,1,1,1,1,1,1,1,1,1,1,1,1,1,1,1,0,0
56,57,637.52,19.32,80.98,4.43,33.59,80.94,110.42,1,1,1,1,1,1,1,1,1,1,1,1,1,1,1,1,1,1,1,0
56,58,455.15,20.61,80.54,4.37,33.59,96.05,119.8,1,1,1,1,1,1,1,0,0,0,1,1,0,0,1,1,1,1,0,0
56,59,210.73,22.13,78.96,4.07,33.59,101.41,111.78,0,1,0,1,1,1,1,0,1,0,1,0,0,0,0,1,0,1,0,0
56,60,56.47,22.21,79.43,3.97,33.59,89.86,97.3,1,1,1,1,1,1,1,1,1,1,1,1,1,1,1,1,1,1,1,1
56,61,35.4,22.23,79.99,3.96,33.59,72.83,123.63,1,1,1,1,1,1,1,0,1,1,1,1,1,1,1,1,1,1,0,0
56,62,22.19,22.65,81.1,3.92,33.59,66.98,108.85,1,1,1,1,1,1,1,1,1,1,1,1,1,1,1,1,1,1,1,1
56,63,102.28,23.35,82.51,3.85,33.59,65.1,89.58,1,1,1,1,1,1,1,1,1,1,1,1,1,1,1,1,1,1,1,1
57,36,481.34,22.09,74.91,4.24,33.37,51.6,87.45,0,1,0,1,1,1,1,0,0,0,0,1,0,0,0,1,0,0,0,0
57,38,310.03,22.67,73.43,3.95,33.37,58.93,100.74,0,1,0,1,1,0,1,0,0,0,0,0,0,1,1,1,0,1,0,0
57,39,313.47,22.99,72.49,3.83,33.37,68.08,97.32,0,1,1,1,1,1,0,0,0,0,0,0,0,0,0,1,0,0,0,0
57,40,368.5,22.73,72.29,3.83,33.37,71.74,99.49,0,1,1,1,1,0,0,1,1,0,0,0,0,0,0,0,0,0,0,0
57,42,499.31,22.41,71.15,3.95,33.37,71.39,93.9,0,1,0,1,1,0,0,0,0,0,0,0,0,0,0,1,1,1,0,0
57,43,546.66,22.07,71.82,4.04,33.37,74.7,92.42,1,1,1,1,1,1,1,1,1,1,1,1,1,1,1,1,1,1,1,1
57,44,597.81,21.54,73.16,4.04,33.37,85.77,91.46,1,1,1,1,1,1,1,1,1,1,1,1,1,1,1,1,1,1,1,1
57,45,505.36,21.55,73.1,3.9,33.37,92.92,93.69,0,1,1,1,1,1,1,1,1,0,1,1,0,0,1,1,1,1,1,0
57,46,489.81,21.65,72.8,3.84,33.37,95.58,97.24,1,1,1,1,1,1,1,1,1,1,1,1,1,1,1,1,1,1,0,0
57,47,547.44,21.45,73.3,3.8,33.37,96.42,99.99,1,1,1,1,1,1,1,1,0,1,0,1,1,0,0,1,0,1,0,0
57,48,611.52,20.9,74.76,3.78,33.37,98.29,88,1,1,1,1,1,1,1,1,1,0,1,1,1,1,1,1,1,1,0,1
57,49,635.6,20.26,76.36,3.78,33.37,103.75,96.55,1,1,1,1,1,1,1,1,1,1,1,1,1,1,1,1,1,1,1,0
57,50,606.51,20.4,76.31,3.74,33.37,122.33,102.7,1,1,1,1,1,1,1,1,1,1,1,1,1,1,1,1,1,1,1,1
57,51,575.05,20.44,76.19,3.76,33.37,119.07,94.83,1,1,1,1,1,1,1,1,1,1,1,1,1,1,1,1,1,1,1,1
57,52,670.88,20.09,77.11,3.95,33.37,111.21,95.99,1,1,1,1,1,1,1,1,1,1,1,1,1,1,1,1,1,1,1,0
57,53,839.13,19.49,78.92,4.26,33.37,105.51,94.91,1,1,1,1,1,1,1,1,1,1,1,1,1,1,1,1,1,1,1,1
57,54,724.9,19.24,80.12,4.45,33.37,103.73,105.61,1,1,1,1,1,1,1,1,1,1,1,1,1,1,1,1,1,1,0,0
57,55,626.37,19.6,80.25,4.37,33.37,97.76,100.41,1,1,1,1,1,1,1,1,1,1,1,1,1,1,1,1,1,1,0,0
57,56,667.04,20.15,81.52,4.45,33.37,99.86,113.81,1,1,1,1,1,1,1,1,1,1,1,1,1,1,1,1,1,1,1,1
57,57,176.16,21.07,82.45,4.48,33.37,103.26,127.68,1,1,1,1,1,1,1,1,1,1,1,1,1,1,1,1,1,1,1,1
57,58,31.5,22.2,82.43,4.32,33.37,103.48,126.94,1,1,1,1,1,1,1,1,0,0,1,1,1,1,1,1,0,1,0,1
58,36,396.6,22.25,74.7,4.22,33.37,56.45,101.54,1,1,0,1,1,0,0,0,0,0,0,0,0,0,1,0,0,0,0,0
58,37,326.65,22.3,74.71,4.16,33.37,58.49,106.28,1,1,0,1,1,0,0,0,0,1,0,0,0,0,1,0,0,1,0,0
58,38,319.52,22.62,73.62,4.03,33.37,62.33,99.45,1,1,1,1,1,1,1,1,1,1,0,1,1,1,1,1,1,1,1,0
58,39,393.08,22.66,72.85,3.96,33.37,67.27,99.54,1,1,1,1,1,1,1,1,1,0,1,0,0,0,1,1,1,1,0,0
58,41,502.22,21.98,72.71,4.09,33.37,71.57,99.3,0,1,1,1,1,0,0,0,0,0,0,0,0,0,0,1,0,0,0,0
58,42,400.89,21.85,72.86,4.22,33.37,74.08,95.22,0,0,1,1,1,1,0,0,0,0,0,0,0,0,0,0,0,0,0,0
58,43,534.62,21.58,73.55,4.33,33.37,74.42,100.81,1,1,1,1,1,1,1,1,1,1,1,1,1,1,1,1,1,1,0,1
58,44,744.7,20.49,75.25,4.3,33.37,77.93,104.22,1,1,1,1,1,1,1,1,1,1,1,1,0,0,1,1,1,1,0,0
58,45,737.44,20.3,75.32,4.1,33.37,87.95,114.34,1,1,1,1,1,1,1,1,1,1,1,1,1,1,1,1,1,1,0,1
58,46,605.31,20.47,74.31,4.01,33.37,96.51,110.09,1,1,1,1,1,1,1,0,0,0,0,0,0,0,0,1,0,1,0,0
58,47,617.27,20.48,74.55,3.93,33.37,100.21,100.78,0,1,1,1,1,1,1,1,1,1,1,0,0,0,0,1,1,1,0,0
58,48,587.22,20.16,76.31,3.86,33.37,102.57,91.58,1,1,1,1,1,1,1,1,1,1,1,1,1,1,1,1,1,1,1,1
58,49,633.39,19.71,77.72,3.87,33.37,107.85,96.87,1,1,1,1,1,1,1,1,1,1,1,1,1,1,1,1,1,1,1,1
58,50,652.46,19.75,79.31,3.94,33.37,126.67,103.55,1,1,1,1,1,1,1,1,0,0,1,1,1,1,1,1,0,1,0,0
58,51,635.83,19.77,79.93,4.01,33.37,126.35,107.02,1,1,1,1,1,1,1,1,1,1,1,1,1,1,1,1,1,1,1,1
58,52,849,19.68,80.93,4.23,33.37,119.66,114.63,1,1,1,1,1,1,1,1,1,1,1,1,1,1,1,1,1,1,1,1
58,53,779.21,19.81,82.18,4.52,33.37,115.36,85.87,1,1,1,1,1,1,1,1,1,1,1,1,1,1,1,1,1,1,1,1
58,54,545.05,20.83,81.92,4.65,33.37,115.78,101.31,1,1,1,1,1,1,1,1,1,1,1,1,1,1,1,1,1,1,1,1
58,55,405.85,21.18,82.05,4.42,33.37,106.22,128.17,1,1,1,1,1,1,1,0,1,1,1,1,1,1,1,1,1,1,1,0
58,56,127.18,21.93,82.6,4.2,33.37,100.6,127.6,1,1,1,1,1,1,1,1,1,1,1,1,1,1,1,1,1,1,1,1
59,38,321.99,22.8,72.69,4.22,33.16,66.95,99.89,1,1,1,1,1,0,0,1,1,0,0,0,0,1,1,0,0,0,0,0
59,41,564.08,21.05,75.46,4.4,33.16,70.71,95.03,1,1,1,1,1,1,1,0,0,0,0,0,0,1,0,1,0,1,0,0
59,42,543.47,20.64,76.37,4.52,33.16,81.43,108.17,1,1,1,1,1,1,1,0,1,1,1,0,1,0,1,1,1,1,0,0
59,44,714.35,19.92,77.67,4.57,33.16,80.27,122.27,1,1,0,1,1,0,1,0,0,0,1,0,0,0,1,0,0,0,0,0
59,45,799.18,19.53,76.89,4.34,33.16,78.62,119.5,1,1,1,1,1,1,1,1,1,1,1,1,1,1,1,1,1,1,1,1
59,46,897.33,19.12,76.81,4.22,33.16,82.61,111.01,1,1,1,1,1,1,1,1,1,1,1,1,1,1,1,1,1,1,0,1
59,47,835.21,18.95,77.59,4.1,33.16,92.03,103.04,1,1,1,1,1,1,1,1,1,1,1,1,1,1,1,1,1,1,1,0
59,48,817.22,19.04,78.98,3.99,33.16,103.2,108.39,1,1,1,1,1,1,1,1,1,1,1,1,1,1,1,1,1,1,1,1
59,49,853.15,19.11,80.38,4.02,33.16,108.85,120.48,1,1,1,1,1,1,1,0,1,0,1,0,0,0,0,0,0,1,0,0
59,50,713.87,19.75,82.8,4.33,33.16,131.29,136.15,1,1,1,1,1,1,1,1,1,1,1,1,1,1,1,1,1,1,1,1
59,51,38.89,20.42,83.09,4.48,33.16,130.34,150.98,1,1,1,1,1,1,1,1,1,1,1,1,1,1,1,1,1,1,1,1
59,52,84.04,20.92,83.19,4.6,33.16,119.8,147.1,0,1,1,1,1,1,1,1,1,0,0,1,1,1,1,1,1,1,0,1
59,53,41.35,21.42,83.57,4.72,33.16,111.82,128.6,1,1,1,1,1,1,1,1,1,1,1,1,1,1,1,1,1,1,1,1
60,38,340.74,22.77,72.32,4.5,33.16,64.66,101.31,0,1,0,1,1,0,1,0,0,0,0,0,0,0,0,0,1,1,0,0
60,39,532.93,21.01,75.33,4.55,33.16,61.23,98.64,0,0,0,1,0,0,0,0,0,0,0,0,0,0,0,0,0,0,0,0
60,40,598.46,20.65,76.94,4.65,33.16,65.99,101.31,0,1,1,1,1,0,0,0,1,0,0,0,0,0,0,0,0,1,0,0
60,43,853.1,18.77,80.01,4.86,33.16,83.09,110.84,0,0,0,1,1,0,0,0,0,0,0,0,0,0,0,1,0,1,0,0
60,44,610.14,18.92,80.55,4.77,33.16,92.69,126.46,0,1,1,1,1,1,0,0,1,0,0,0,0,0,1,1,0,0,0,0
60,45,956.04,18.85,78.66,4.48,33.16,73.34,116.47,1,1,0,1,1,1,0,0,0,1,1,0,0,0,1,1,0,1,0,0
60,46,932.59,18.28,79.08,4.3,33.16,64.44,101.17,1,1,1,1,1,1,1,1,1,1,1,1,1,1,1,1,1,1,0,1
60,47,1015.25,18.09,79.96,4.21,33.16,70.67,114.87,1,1,1,1,1,1,1,1,0,0,1,1,1,1,1,1,0,1,0,0
60,48,469.08,18.45,80.82,4.17,33.16,89.02,136.27,1,1,1,1,1,1,1,0,1,1,1,1,1,1,1,1,1,1,1,0
60,49,263.48,18.86,82.47,4.16,33.16,102.27,146.47,1,1,1,1,1,1,1,1,1,1,1,1,1,1,1,1,1,1,1,1
60,50,66.44,20.16,84.66,4.88,33.16,124,150.04,1,1,1,1,1,1,1,1,1,1,1,1,1,1,1,1,1,1,1,1
60,51,32.2,21.39,84.39,5.16,33.16,119.61,142.33,1,1,1,1,1,1,1,1,1,1,1,1,1,1,1,1,1,1,1,1
61,38,306.92,22.43,73.44,4.74,32.9,65.65,102.07,0,1,0,1,1,0,0,0,0,0,0,0,0,0,0,1,0,0,0,0
61,39,556.4,20.79,76.44,4.82,32.9,57.57,126.14,0,1,1,1,1,1,1,0,1,0,1,1,0,0,1,1,0,1,0,0
61,40,590.79,20.28,77.9,4.91,32.9,60.95,119.1,1,1,1,1,1,1,0,0,1,0,0,1,1,0,1,1,1,1,0,0
61,41,726.47,19.74,78.73,4.98,32.9,63.77,126.53,1,1,1,1,1,1,1,0,0,0,1,0,1,0,1,1,1,1,0,0
61,42,818.96,18.82,79.79,5.01,32.9,59.33,118.76,1,1,0,0,1,1,0,0,0,0,0,1,0,0,1,1,1,1,0,0
61,43,1031.48,17.8,81.24,4.97,32.9,55.69,102.97,1,1,0,1,1,1,0,0,0,0,1,0,0,0,1,1,0,1,0,0
61,44,1060.15,17.51,82.46,4.86,32.9,72.37,119.1,0,1,0,1,1,1,1,0,0,1,1,1,0,0,1,1,0,1,0,0
61,45,810.85,18.19,79.75,4.5,32.9,60.07,108.58,1,1,1,1,1,1,1,0,0,0,1,1,0,0,0,1,1,1,0,0
61,46,895.17,18.18,78.88,4.3,32.9,53.23,99.25,1,1,1,1,1,1,1,1,1,1,1,1,1,1,1,1,1,1,1,0
61,47,911.21,18.02,79.63,4.35,32.9,59.31,114.98,1,1,0,1,1,1,1,0,0,1,1,1,1,1,1,1,1,1,0,1
61,48,940.26,18.16,81.92,4.59,32.9,76.9,108.36,1,1,1,1,1,1,1,1,1,1,1,1,1,1,1,1,1,1,0,1
61,49,163.04,19.03,85.34,4.86,32.9,100.62,140.94,1,1,1,1,1,1,1,1,1,1,1,1,1,1,1,1,1,1,1,1
61,50,13.21,20.7,85.16,5.25,32.9,108.37,139.64,1,1,1,1,1,1,1,1,1,1,1,1,1,1,1,1,1,1,0,1
61,51,7.84,21.79,84.41,5.14,32.9,106.26,123.22,1,1,1,1,1,1,1,1,1,1,1,1,1,1,1,1,1,1,1,1
62,37,161.68,21.69,76.69,4.77,32.9,76.59,111.25,0,1,1,1,1,1,1,0,1,0,1,1,0,0,1,0,0,1,0,0
62,39,398.73,20.51,77.71,5.07,32.9,69.76,120.19,0,1,0,1,1,0,0,0,0,0,1,1,0,0,1,1,0,1,0,0
62,40,493.02,19.85,78.89,5.14,32.9,66.93,112.58,1,1,1,1,1,1,1,1,0,0,1,1,1,1,1,1,1,1,0,0
62,41,546.84,19.2,79.48,5.14,32.9,62.35,112.05,0,0,0,1,1,0,0,0,0,0,0,0,0,0,0,1,0,1,0,0
62,42,817.55,18.35,80.33,5.09,32.9,55.58,108.22,1,1,1,1,1,1,1,1,1,1,1,1,1,1,1,1,1,1,1,0
62,43,1087.38,17.43,81.59,5,32.9,50.4,107.42,1,1,0,1,1,1,0,0,0,0,1,1,0,0,1,0,0,1,0,0
62,44,1051.9,16.88,82.75,4.91,32.9,49.65,115.68,1,1,0,1,1,1,0,0,0,1,1,0,0,0,1,0,0,1,0,0
62,46,804.49,18.02,78.97,4.37,32.9,52.85,108.2,1,1,0,1,1,1,0,0,1,0,1,0,0,0,1,0,0,1,0,0
62,47,879.22,17.79,80.11,4.56,32.9,58.88,103.97,1,1,1,1,1,1,1,1,1,1,1,1,1,1,1,1,1,1,0,0
62,48,893.13,17.86,83.77,4.99,32.9,72.65,102.8,1,1,1,1,1,1,1,0,0,1,1,1,1,1,1,1,1,1,0,1
62,49,21.42,19.67,87.05,5.34,32.9,97.2,139.8,1,1,1,1,1,1,1,1,1,1,1,1,1,1,1,1,1,1,1,1
63,39,637.01,19.68,79.16,5.25,32.65,49.42,132.83,0,0,0,1,1,0,0,0,0,0,0,0,0,0,0,0,0,0,0,0
63,40,726.21,18.88,80.29,5.31,32.65,52.24,114.16,1,1,1,0,1,0,1,0,0,0,0,0,0,0,1,0,0,1,0,0
63,41,732.55,18.5,80.31,5.3,32.65,46.92,107.81,1,1,1,1,1,1,1,0,0,0,0,0,0,1,1,1,1,1,0,0
63,42,913.68,17.73,80.99,5.2,32.65,43.3,106.79,0,0,0,0,0,0,0,0,0,0,1,0,0,0,0,0,0,0,0,0
63,43,1034.7,16.72,82.43,5.07,32.65,41.46,114.01,1,1,1,1,1,1,1,0,0,0,1,0,0,0,1,0,0,1,0,0
63,44,887.68,16.59,83.06,4.97,32.65,36.42,111.83,1,1,0,1,1,1,0,0,0,1,1,0,0,0,1,1,0,1,0,0
63,46,790.66,17.61,80.76,4.46,32.65,58.13,108.73,0,1,0,1,1,0,0,0,0,0,1,1,0,0,0,1,1,1,0,0
63,47,864.71,17.72,82.27,4.64,32.65,64.18,111.32,1,1,0,1,1,1,1,0,0,0,1,0,0,0,1,1,0,1,0,0
63,48,729.96,18.15,85.16,4.93,32.65,76.69,125.55,1,1,1,1,1,1,1,0,0,0,1,1,0,1,1,1,1,1,0,0
63,49,14.36,20.39,84.77,4.96,32.65,91.89,127.98,1,1,1,1,1,1,0,1,1,0,1,0,0,0,1,0,1,1,0,0
64,39,553.76,19.64,79.16,5.27,32.65,37.71,131.99,0,0,0,1,1,1,1,0,0,0,0,0,0,0,0,1,0,1,0,0
64,40,474.63,19.16,79.6,5.33,32.65,40.9,117.72,0,1,1,1,1,1,1,0,1,0,0,0,0,0,0,1,1,1,0,0
64,42,875.54,17.83,80.38,5.24,32.65,28.33,108.49,1,1,1,1,1,1,1,1,1,1,1,1,0,1,1,1,1,1,1,1
64,43,1178.98,16.65,81.94,5.12,32.65,23.39,104.07,0,1,0,0,0,0,0,0,0,0,0,0,0,0,1,0,0,0,0,0
64,44,926.24,16.44,82.9,5.04,32.65,17.46,112.82,1,1,1,1,1,1,1,0,0,0,1,0,0,0,1,1,0,1,0,0
64,45,1045.59,16.41,82.69,4.68,32.65,28.66,110.11,1,1,0,1,1,1,0,0,1,0,1,0,0,0,1,0,0,1,0,0
64,46,668.95,17.21,82.81,4.55,32.65,49.42,119.69,0,1,0,0,1,0,0,0,0,0,1,0,0,0,1,0,0,1,0,0
64,48,259.9,18.71,84.65,4.66,32.65,75.89,141.34,1,1,1,1,1,1,1,0,0,0,1,0,0,0,0,1,0,1,0,0
64,49,21.2,20.95,81.69,4.64,32.65,85.09,133.07,0,1,1,1,1,1,1,1,1,0,1,1,0,0,0,1,1,1,1,0
65,40,389.7,19.59,78.74,5.29,32.4,57.31,111.17,0,1,0,1,1,1,0,0,0,0,0,0,1,0,1,1,0,1,0,0
65,41,571.75,19.07,78.93,5.29,32.4,49.68,112.57,1,1,1,1,1,1,1,0,0,0,0,1,1,0,1,1,0,1,0,0
65,42,531.4,18.37,79.34,5.21,32.4,38.12,114.3,1,1,1,1,1,1,1,1,1,1,0,1,0,1,1,1,1,1,0,0
65,43,658.4,17.65,80.09,5.1,32.4,28.53,115.67,1,1,1,1,1,1,1,1,1,1,1,1,1,1,1,1,1,1,1,1
65,44,780.18,16.91,81.58,5.05,32.4,23.09,107.14,1,1,1,1,1,1,1,1,0,1,1,0,1,0,1,1,1,1,0,1
65,45,910.43,16.28,82.98,4.74,32.4,24.4,102.37,1,1,1,1,1,1,1,0,1,1,1,1,1,1,1,1,0,1,1,1
65,46,662.08,16.72,83.73,4.6,32.4,35.44,115.57,0,1,0,1,1,1,0,0,0,1,1,1,0,1,1,1,0,1,0,0
65,47,369.36,17.34,84.37,4.53,32.4,54.9,122.25,0,0,0,1,1,0,0,0,0,0,0,0,0,0,0,0,0,0,0,0
65,48,374.69,18.26,84.05,4.49,32.4,61.33,139.64,0,0,0,1,0,0,0,0,0,0,0,0,0,0,0,0,0,0,0,0
65,49,43.46,20.55,80.48,4.48,32.4,71.51,142.27,1,1,1,1,1,1,1,0,0,0,1,0,1,1,1,1,0,1,0,1
66,37,250.72,20.09,78.21,5.08,32.4,73.83,106,0,1,0,0,0,0,0,0,0,0,0,0,0,0,1,0,0,0,0,0
66,39,465.41,19.14,79.12,5.16,32.4,67.04,95.26,0,0,0,1,1,1,0,0,0,0,0,0,0,0,0,0,0,0,0,0
66,42,684.99,18.05,79.91,5.18,32.4,51.88,101.49,1,1,1,1,1,1,1,0,0,0,1,1,0,0,1,1,0,1,0,0
66,43,688.26,17.76,79.96,5.07,32.4,42.18,106.19,0,1,0,1,1,1,1,0,0,0,0,0,0,0,0,1,0,1,0,0
66,44,819.88,16.94,81.14,5,32.4,36.48,110.69,1,1,1,1,1,1,1,0,1,0,1,1,0,1,1,1,1,1,0,0
66,45,972.27,16.22,83.14,4.75,32.4,23.02,105.66,1,1,0,1,1,1,0,0,0,0,1,1,0,0,1,0,0,1,0,0
66,46,904.08,15.8,83.86,4.63,32.4,18.5,104.86,1,1,1,1,1,1,1,0,1,0,1,1,1,0,1,1,1,1,0,1
66,47,846.55,16.13,83.93,4.52,32.4,14.82,116.49,1,1,1,1,1,1,1,0,1,1,1,1,1,0,1,1,1,1,0,0
66,48,583.46,17.46,83.1,4.4,32.4,25.28,126.74,1,1,0,1,1,1,0,0,0,0,1,1,0,0,0,1,0,1,0,0
66,49,84.21,19.82,80.29,4.32,32.4,42.75,134.28,1,1,1,1,1,1,1,0,0,0,1,1,0,1,1,1,0,1,1,0
67,42,677.92,17.61,80.35,5.07,32.15,49.88,100.4,0,1,0,1,1,0,0,0,0,0,1,0,0,0,0,1,0,1,0,0
67,47,1146.77,15.99,82.4,4.46,32.15,349.24,100.65,1,1,1,1,1,1,1,0,1,1,1,1,1,0,1,1,0,1,0,0
67,48,181.93,17.96,80.87,4.17,32.15,22.07,137.01,1,1,1,0,1,1,0,0,0,0,1,1,0,0,0,0,0,0,0,0
67,49,38.06,20.21,79.5,4.06,32.15,48.85,125.22,1,1,0,1,1,1,1,0,0,1,1,1,0,0,1,0,0,0,0,0
68,34,94.81,20.52,74.4,4.59,32.15,106.59,81.81,0,0,0,0,0,0,0,0,0,0,0,0,0,0,1,0,0,0,0,0
68,39,388.93,18.55,78.78,5,32.15,72.88,97.74,1,1,0,0,0,0,1,0,0,0,0,0,0,0,0,0,0,0,0,0
68,41,468.93,18.01,80.01,4.95,32.15,57.61,104.89,0,1,0,1,1,1,0,0,0,0,0,0,0,0,1,0,0,1,0,0
68,43,590.28,17.37,80.78,4.86,32.15,32.27,116.03,0,1,0,1,1,0,0,0,0,0,0,0,0,0,0,0,0,1,0,0
68,44,735.61,16.82,80.93,4.82,32.15,28.25,115.85,0,1,0,0,0,0,0,0,0,0,0,0,0,0,1,0,0,1,0,0
68,45,911.39,15.91,82.77,4.71,32.15,13.37,109.61,1,1,0,1,1,0,0,0,0,1,1,1,0,0,1,0,0,1,0,0
68,46,1019.18,15.77,83.09,4.64,32.15,356.05,102.51,1,1,1,1,1,1,1,0,0,0,1,1,0,0,1,1,0,1,1,0
68,47,221.89,17.14,81.95,4.39,32.15,29.85,113.84,0,0,0,0,1,0,0,0,0,0,0,0,0,0,0,0,0,0,0,0
68,48,82.47,19.46,80.17,4.05,32.15,62.9,111.83,1,1,1,1,1,1,0,0,0,0,1,1,0,0,1,0,0,1,0,0
69,33,68.93,20.21,73.61,4.27,31.86,108.86,81.22,0,1,0,0,0,0,0,0,0,0,0,0,0,0,0,0,0,0,0,0
69,40,334.18,18.39,79.71,4.86,31.86,74.01,114.04,0,1,0,1,1,0,0,0,0,0,0,0,0,0,0,0,0,1,0,0
69,43,354.81,18.29,80.37,4.57,31.86,49.97,132.18,1,1,0,1,1,0,0,0,0,0,1,0,0,0,1,0,0,1,0,0
69,44,460.77,17.82,80.01,4.53,31.86,36.56,129.47,0,1,1,1,1,0,1,0,0,0,0,0,0,0,1,1,0,1,0,0
69,45,806.96,16.8,81.82,4.5,31.86,22.83,111.44,0,1,1,1,1,0,1,0,0,0,1,1,0,0,1,1,0,1,0,0
69,46,756.06,17.03,82.58,4.47,31.86,32.96,112.22,1,1,1,1,1,1,0,0,0,0,1,1,0,0,1,1,1,1,0,0
69,47,22.55,18.52,82.15,4.32,31.86,70.53,116.03,1,1,1,1,1,1,1,1,1,1,1,1,1,1,1,1,1,1,0,1
70,32,78.23,19.77,72.93,4,31.86,107.15,83.94,0,0,0,0,1,0,0,0,0,0,0,0,0,0,1,0,0,0,0,0
70,35,94.99,19.43,74.64,4.25,31.86,104.36,89.24,1,0,0,0,0,0,0,0,0,0,0,1,0,0,1,0,0,0,0,0
70,36,105.48,19.15,75.98,4.41,31.86,102.06,91.38,0,1,1,1,1,1,0,0,0,0,0,0,0,0,1,1,0,1,0,0
70,39,174.53,18.51,79.57,4.69,31.86,94.59,113.71,0,0,0,1,0,0,0,0,0,0,0,0,0,0,1,0,0,0,0,0
70,41,127.73,18.55,80.06,4.64,31.86,93.3,118.4,1,1,1,1,1,1,1,1,1,0,1,0,0,0,1,1,0,1,0,0
70,42,84.45,18.69,79.89,4.48,31.86,101.97,113.57,0,1,0,1,1,0,1,0,0,0,0,0,0,0,1,0,0,1,0,0
70,44,74.62,18.93,80.07,4.18,31.86,96.33,109.43,1,1,1,0,1,1,0,0,0,0,1,1,0,0,1,0,0,1,0,0
70,45,81.72,18.32,80.95,4.17,31.86,73.19,123.28,1,0,0,1,1,0,0,0,0,0,1,0,0,0,0,1,0,1,0,0
70,46,48.71,18.66,81.98,4.19,31.86,65.85,125.5,1,1,0,1,1,1,1,0,0,1,1,1,0,0,1,0,0,1,0,0
71,39,177.91,18.31,78.41,4.46,31.57,102.13,103.88,0,0,0,0,0,1,0,0,0,0,1,0,0,0,1,0,0,0,0,0
71,41,70.39,18.48,79.67,4.46,31.57,101.49,101.25,0,1,0,1,0,0,0,0,0,0,0,0,0,0,0,0,0,0,0,0
71,42,145.72,18.38,80.16,4.32,31.57,105.42,110.18,0,1,0,1,1,1,0,0,0,0,1,0,0,0,1,0,0,1,0,0
71,43,101,18.61,80.43,4.1,31.57,108.51,114.36,1,1,0,1,1,1,1,0,0,0,1,0,0,0,1,0,0,1,0,0
71,44,64.14,19.33,80.55,3.95,31.57,102.92,97.1,1,1,1,1,1,1,1,1,1,1,1,1,1,0,1,1,1,1,0,0
71,45,37.08,19.43,79.98,3.8,31.57,86.44,90.46,1,1,0,0,0,1,0,0,0,0,1,1,0,0,0,0,0,0,0,0
71,46,9.26,19.68,81.31,3.8,31.57,73.32,81.25,0,0,0,1,1,0,0,0,0,0,0,0,0,0,0,0,0,1,0,0
72,35,200.68,18.02,75.76,4.01,31.57,102.8,105.1,0,0,0,0,0,0,0,0,0,0,0,0,0,0,1,0,0,0,0,0
72,39,239.34,17.56,78.06,4.27,31.57,99.33,118.9,0,0,0,1,0,0,0,0,0,0,0,0,0,0,0,0,0,0,0,0
72,40,297.57,17.83,78.76,4.32,31.57,102.2,113.31,1,1,0,1,1,1,1,0,1,0,1,1,0,0,1,1,0,1,0,0
72,41,353.1,17.87,79.7,4.34,31.57,102.5,115.73,1,1,0,1,1,1,0,0,0,0,1,0,0,0,0,0,0,1,0,0
72,42,126.3,18.01,80.22,4.23,31.57,102.12,114.85,0,0,0,1,1,0,0,0,0,0,0,0,0,0,0,0,0,1,0,0
72,43,110.61,18.48,80.24,4.03,31.57,100.64,103.99,1,1,1,1,1,1,1,1,1,1,1,1,1,1,1,1,1,1,0,0
72,44,8.19,19.44,80.21,3.89,31.57,97.69,79.52,0,1,1,1,1,1,1,0,1,0,1,1,1,0,1,1,1,1,0,0
73,38,253.48,17.33,78.41,4.05,31.28,94.41,108.93,0,0,0,1,0,0,0,0,0,0,1,0,0,0,1,0,0,0,0,0
73,40,337.45,17.19,79.47,4.17,31.28,96.32,115.95,1,1,1,1,1,1,1,0,0,0,1,1,0,0,1,1,0,1,0,0
73,41,372.07,17.47,80.32,4.18,31.28,100.11,113.18,1,1,0,1,1,1,0,0,0,0,1,1,0,0,1,0,0,1,0,0
73,43,15.3,18.9,80.11,3.79,31.28,97.29,90.76,0,0,0,1,1,0,0,0,0,0,0,0,0,0,0,0,0,0,0,0
74,39,220.84,17.17,78.22,3.92,31.28,90.36,104.87,0,0,0,0,0,0,0,0,0,1,1,0,0,0,1,0,0,0,0,0
74,40,176.97,17.14,79.38,3.96,31.28,93.31,119.81,0,1,0,1,1,1,0,0,0,0,1,0,0,0,1,0,0,1,0,0
74,41,143.45,17.53,79.97,3.93,31.28,96.24,112.24,1,1,1,1,1,1,1,0,0,0,1,1,1,0,1,1,1,1,0,0
74,42,21.53,18.21,80.37,3.75,31.28,96.8,92.89,1,1,1,1,1,1,1,1,1,1,1,1,1,1,1,1,0,1,1,1
75,40,155.99,17.53,78.95,3.74,31,93.49,112.68,0,1,0,1,1,0,0,0,0,0,0,0,0,0,0,0,0,1,0,0
75,42,3.95,18.4,80.16,3.63,31,92.87,86.24,1,1,1,1,1,1,0,1,1,1,1,0,0,0,1,0,1,1,0,0
78,40,14.98,17.18,81.6,3.6,30.67,91.25,80.79,0,1,0,1,1,1,1,0,0,0,1,0,1,0,1,1,0,1,0,0